,id_ПУВА,Отправитель (номер кошелька),Отправитель (номер кошелька),Получатель,Получатель
,count,<lambda_0>,<lambda_1>,<lambda_0>,<lambda_1>
index,,,,,
2,1,1,['0x3fc91a3afd70395cd496c647d5a6cc9d4b2b7fad'],1,['0x37a8f295612602f2774d331e562be9e61b83a327']
4,2,2,"['0x02e7b8511831b1b02d9018215a0f8f500ea5c6b3'
 '0xdef171fe48cf0115b1d80b88dc8eab59176fee57']",2,"['0x02e7b8511831b1b02d9018215a0f8f500ea5c6b3'
 '0x5ee5bf7ae06d1be5997a1a72006fe6c607ec6de8']"
6,2,2,"['0x3fc91a3afd70395cd496c647d5a6cc9d4b2b7fad'
 '0x74de5d4fcbf63e00296fd95d33236b9794016631']",2,"['0x2acf35c9a3f4c5c3f4c78ef5fb64c3ee82f07c45'
 '0x37a8f295612602f2774d331e562be9e61b83a327']"
8,1,1,['0x957f48297198bc4ae2475595c00ddd47cfff8c8b'],1,['0x0ef6aeb825dc4c9983d551f8afefaae9d79165c6']
10,1,1,['0xbb2b8038a1640196fbe3e38816f3e67cba72d940'],1,['0x004375dff511095cc5a197a54140a24efef3a416']
11,1,1,['0xb9c5593534844132c80109a1475b3502d3f7867d'],1,['0x6ecbc94c4b7d558e6dec0704194a28904758da9e']
16,1,1,['0x5eab158373cc6e5d7affd65a63b129181174002f'],1,['0x38f5e5b4da37531a6e85161e337e0238bb27aa90']
17,1,1,['0x51c72848c68a965f66fa7a88855f9f7784502a7f'],1,['0xad30f7eebd9bd5150a256f47da41d4403033cdf0']
23,1,1,['0x25ab3efd52e6470681ce037cd546dc60726948d3'],1,['0x75171c5244510614f28cf6cf46329353a0aea57f']
28,1,1,['0x3fc91a3afd70395cd496c647d5a6cc9d4b2b7fad'],1,['0x37a8f295612602f2774d331e562be9e61b83a327']
29,1,1,['0x74de5d4fcbf63e00296fd95d33236b9794016631'],1,['0x2acf35c9a3f4c5c3f4c78ef5fb64c3ee82f07c45']
31,1,1,['0xe37e799d5077682fa0a244d46e5649f71457bd09'],1,['0xb01f8f528702d411d24c9bb8cc0e2fff779ec013']
35,1,1,['0x74de5d4fcbf63e00296fd95d33236b9794016631'],1,['0x2acf35c9a3f4c5c3f4c78ef5fb64c3ee82f07c45']
49,1,1,['0x095ebf6014be661e3bf75cc48e80dacf7d0ff72e'],1,['0x25ab3efd52e6470681ce037cd546dc60726948d3']
50,1,1,['0xd1ac5b42dba52453213b2dcdafac78ed61afba82'],1,['0xbb2b8038a1640196fbe3e38816f3e67cba72d940']
52,3,3,"['0x0ef6aeb825dc4c9983d551f8afefaae9d79165c6'
 '0x58edf78281334335effa23101bbe3371b6a36a51'
 '0xf89d7b9c864f589bbf53a82105107622b35eaa40']",3,"['0x00fad994a762ac4542beb764884e307fc36bdc2a'
 '0x18548588fdc8e3e897dfa4f455f9400cd62d0d69'
 '0x2fbeb4111c3f176a08dbd913990bf6e4105a6a7a']"
53,2,2,"['0x56534741cd8b152df6d48adf7ac51f75169a83b2'
 '0x9393a68e904b1f52a081cdfcf02ec56d842bf239']",2,"['0x391e8501b626c623d39474afca6f9e46c2686649'
 '0x9393a68e904b1f52a081cdfcf02ec56d842bf239']"
54,1,1,['0xe37e799d5077682fa0a244d46e5649f71457bd09'],1,['0x6e86f9084f7348071b4105da13e9967617bc65ad']
56,1,1,['0x74de5d4fcbf63e00296fd95d33236b9794016631'],1,['0x2acf35c9a3f4c5c3f4c78ef5fb64c3ee82f07c45']
58,2,2,"['0x74de5d4fcbf63e00296fd95d33236b9794016631'
 '0x974026e01660d11b5b5f08394806b619702ac35c']",2,"['0x2acf35c9a3f4c5c3f4c78ef5fb64c3ee82f07c45'
 '0xd1ac5b42dba52453213b2dcdafac78ed61afba82']"
59,1,1,['0xb9c5593534844132c80109a1475b3502d3f7867d'],1,['0x6ecbc94c4b7d558e6dec0704194a28904758da9e']
63,1,1,['0x5050e08626c499411b5d0e0b5af0e83d3fd82edf'],1,['0x6c1a1dc92d6f7fbbbd2888ed9e7e94b09f32c503']
64,1,1,['0xdef171fe48cf0115b1d80b88dc8eab59176fee57'],1,['0xef13101c5bbd737cfb2bf00bbd38c626ad6952f7']
66,1,1,['0xf89d7b9c864f589bbf53a82105107622b35eaa40'],1,['0x328f9a6218249f99aa6f2c9482dff1a0ff5e2467']
74,2,2,"['0x6c1a1dc92d6f7fbbbd2888ed9e7e94b09f32c503'
 '0x91afe96ed862cb3a2df3a9f93d118189a0637327']",1,['0x37a8f295612602f2774d331e562be9e61b83a327']
88,1,1,['0xba12222222228d8ba445958a75a0704d566bf2c8'],1,['0xce88686553686da562ce7cea497ce749da109f9f']
91,1,1,['0xb4b1ff7ac52867e583c6f08f3f41f057ac9021a1'],1,['0x3a0689ae59f37460113bdd390ac35c29dcfd529b']
92,3,3,"['0x51c72848c68a965f66fa7a88855f9f7784502a7f'
 '0x77d5f03822f94b39ad6117f6a46761ec5879031b'
 '0xa9d1e08c7793af67e9d92fe308d5697fb81d3e43']",3,"['0x37a8f295612602f2774d331e562be9e61b83a327'
 '0x77d5f03822f94b39ad6117f6a46761ec5879031b'
 '0xaec109dcd8521d4e12a7ec04532cbf9ecaffcc52']"
93,3,3,"['0x4585fe77225b41b697c938b018e2ac67ac5a20c0'
 '0x5cda8811c5b43ebd7c0e9f1e7e866b941168b356'
 '0xd71bb3b066f09b091131d74691fce24f876120a6']",3,"['0x24fe13af666b4c1c39f1e7eecd1a50929b057d45'
 '0x58a525184b5ce60b76d60f72fd06d6a5ef52a965'
 '0x5cda8811c5b43ebd7c0e9f1e7e866b941168b356']"
94,1,1,['0x5f515f6c524b18ca30f7783fb58dd4be2e9904ec'],1,['0xd17a89f1bb2c9cd6d6d8c34e3c847e2e3ddc11d8']
96,1,1,['0x259bc7f6c137c02e821604bd7704ca016b71dd2f'],1,['0x6d9d4331db9b9794e1e9ec849e48114cece1b21c']
98,1,1,['0x68cfa44ca47ac753eb93ee3f47da5bfa2c0d55e0'],1,['0x68b6550a4897bd78a1a96093a072f6e22aee52c6']
113,1,1,['0x6cc5f688a315f3dc28a7781717a9a798a59fda7b'],1,['0x87531b7be4fed5325006898bb63fd12136b5a73e']
119,1,1,['0x242d17fb621fb989c57de50a2fe8bdb896b924c1'],1,['0x9a84c526c9473dc63eeb105f8d60cc6bd66034cb']
120,1,1,['0x3fc91a3afd70395cd496c647d5a6cc9d4b2b7fad'],1,['0x37a8f295612602f2774d331e562be9e61b83a327']
121,1,1,['0x3fc91a3afd70395cd496c647d5a6cc9d4b2b7fad'],1,['0x37a8f295612602f2774d331e562be9e61b83a327']
123,1,1,['0x5aca4826fab7e17c5b2cfdf611bb39a4c55352b3'],1,['0x25ab3efd52e6470681ce037cd546dc60726948d3']
124,2,2,"['0x28c6c06298d514db089934071355e5743bf21d60'
 '0xadd777513ade953f21f431cf08928a4b6a0b4102']",2,"['0x25ab3efd52e6470681ce037cd546dc60726948d3'
 '0xadd777513ade953f21f431cf08928a4b6a0b4102']"
135,1,1,['0x3fc91a3afd70395cd496c647d5a6cc9d4b2b7fad'],1,['0x37a8f295612602f2774d331e562be9e61b83a327']
139,1,1,['0x519dbeb1af2ffd177146045f99fa71b3e753e523'],1,['0x37a8f295612602f2774d331e562be9e61b83a327']
146,2,2,"['0x5c7bcd6e7de5423a257d81b442095a1a6ced35c5'
 '0x6411fe2689622fb01398b0dacc7c44d989830cdd']",2,"['0x1b59718eafa2bffe5318e07c1c3cb2edde354f9c'
 '0xbb2b8038a1640196fbe3e38816f3e67cba72d940']"
147,3,3,"['0x4585fe77225b41b697c938b018e2ac67ac5a20c0'
 '0x9a772018fbd77fcd2d25657e5c547baff3fd7d16'
 '0xf081470f5c6fbccf48cc4e5b82dd926409dcdd67']",2,"['0x004375dff511095cc5a197a54140a24efef3a416'
 '0xf081470f5c6fbccf48cc4e5b82dd926409dcdd67']"
149,11,10,"['0x1cf68bbc2b6d3c6cfe1bd3590cf0e10b06a05f17'
 '0x4ab6702b3ed3877e9b1f203f90cbef13d663b0e8'
 '0x597e13fd435ffb54d44601f7b389b22359f1a3de'
 '0x62b4a6ea970288f103ba81d25be4fec46b5c3f3f'
 '0x675c1c6bc3b9221ddf82f2ae0aaf94716b6bc43a'
 '0xbeb5fd030ffb0fbc95d68113c1c796eff65526d7'
 '0xce40fbdaa313f302460a234c9eafd5872526b9a0'
 '0xd240a7a691722c6130bfe1d419146282cceaa222'
 '0xe0d0cf872c09968f1554730042ee680354dec994'
 '0xf081470f5c6fbccf48cc4e5b82dd926409dcdd67']",9,"['0x53c58e975f3f72162fc0509b9742c9b55e24a599'
 '0x655edce464cc797526600a462a8154650eee4b77'
 '0x675c1c6bc3b9221ddf82f2ae0aaf94716b6bc43a'
 '0x744e4d2bd33b014a9182381cd340b70b06b3004a'
 '0x99ac8ca7087fa4a2a1fb6357269965a2014abc35'
 '0x9ff58f4ffb29fa2266ab25e75e2a8b3503311656'
 '0xd240a7a691722c6130bfe1d419146282cceaa222'
 '0xe0d0cf872c09968f1554730042ee680354dec994'
 '0xf081470f5c6fbccf48cc4e5b82dd926409dcdd67']"
153,1,1,['0xd98e6008c2be593049bcd18302965e3850ab0859'],1,['0xbb2b8038a1640196fbe3e38816f3e67cba72d940']
154,2,2,"['0x3ad1e95e1bb50370774fd9d07fd7aa317d0bb11e'
 '0xf045607af9cb3c6d0a2bb5a060e90e361f91a0a8']",2,"['0x3ad1e95e1bb50370774fd9d07fd7aa317d0bb11e'
 '0x89bf4e8e3e7043ef2e9d29b0e0bc42d2224bfe12']"
162,1,1,['0x3fc91a3afd70395cd496c647d5a6cc9d4b2b7fad'],1,['0x37a8f295612602f2774d331e562be9e61b83a327']
163,1,1,['0x0ef6aeb825dc4c9983d551f8afefaae9d79165c6'],1,['0x48938d5b9c5832c33718c5cdb26c3c597a6f4839']
165,2,1,['0x41eeba3355d7d6ff628b7982f3f9d055c39488cb'],2,"['0xba7d1581db6248dc9177466a328bf457703c8f84'
 '0xdc1d88e49d1c963cc39ecb780d52282e0880d981']"
168,1,1,['0x3fc91a3afd70395cd496c647d5a6cc9d4b2b7fad'],1,['0x37a8f295612602f2774d331e562be9e61b83a327']
171,2,2,"['0x51c72848c68a965f66fa7a88855f9f7784502a7f'
 '0x77d5f03822f94b39ad6117f6a46761ec5879031b']",2,"['0x37a8f295612602f2774d331e562be9e61b83a327'
 '0x77d5f03822f94b39ad6117f6a46761ec5879031b']"
173,3,3,"['0x0ef6aeb825dc4c9983d551f8afefaae9d79165c6'
 '0x1f5f4384e9622f760247fbb6a398f60999a0a277'
 '0xe0d0cf872c09968f1554730042ee680354dec994']",3,"['0x48938d5b9c5832c33718c5cdb26c3c597a6f4839'
 '0x53c58e975f3f72162fc0509b9742c9b55e24a599'
 '0xe0d0cf872c09968f1554730042ee680354dec994']"
182,1,1,['0xa9d1e08c7793af67e9d92fe308d5697fb81d3e43'],1,['0x0d8a4f1473f2dbc5b60e764c305eb3f27634c3fa']
184,1,1,['0x74de5d4fcbf63e00296fd95d33236b9794016631'],1,['0x2acf35c9a3f4c5c3f4c78ef5fb64c3ee82f07c45']
185,3,3,"['0x0ef6aeb825dc4c9983d551f8afefaae9d79165c6'
 '0x4bb833516cf5a745ea848a2082a63df9509c9e51'
 '0xe0d0cf872c09968f1554730042ee680354dec994']",3,"['0x4bb833516cf5a745ea848a2082a63df9509c9e51'
 '0x53c58e975f3f72162fc0509b9742c9b55e24a599'
 '0xe0d0cf872c09968f1554730042ee680354dec994']"
186,1,1,['0x74de5d4fcbf63e00296fd95d33236b9794016631'],1,['0x2acf35c9a3f4c5c3f4c78ef5fb64c3ee82f07c45']
191,4,2,"['0x51c72848c68a965f66fa7a88855f9f7784502a7f'
 '0x77d5f03822f94b39ad6117f6a46761ec5879031b']",2,"['0x37a8f295612602f2774d331e562be9e61b83a327'
 '0x77d5f03822f94b39ad6117f6a46761ec5879031b']"
194,1,1,['0x3af576247dcf6351c3b9c77bd302ed3b7e18e4b2'],1,['0xb1c56a4d6b1c5917ac0f7f4dd445d1b3917da4e5']
195,3,3,"['0x74de5d4fcbf63e00296fd95d33236b9794016631'
 '0x9a47f3289794e9bbc6a3c571f6d96ad4e7baed16'
 '0xd66d5ba4cf82bef4fd158d903da962e3ac42c6de']",3,"['0x2acf35c9a3f4c5c3f4c78ef5fb64c3ee82f07c45'
 '0x957f48297198bc4ae2475595c00ddd47cfff8c8b'
 '0xe6b738da243e8fa2a0ed5915645789add5de5152']"
200,1,1,['0x69460570c93f9de5e2edbc3052bf10125f0ca22d'],1,['0xca868ef1df9e52d7d5ac79f7e52f492e619f2bab']
201,1,1,['0x69460570c93f9de5e2edbc3052bf10125f0ca22d'],1,['0xca868ef1df9e52d7d5ac79f7e52f492e619f2bab']
204,1,1,['0x80a7bb8e9317ff4b8585730e811ea874f70edade'],1,['0x96ce46ad64ea34d6c936217c9f2a6af171a9439a']
207,1,1,['0x3fc91a3afd70395cd496c647d5a6cc9d4b2b7fad'],1,['0x37a8f295612602f2774d331e562be9e61b83a327']
208,2,2,"['0x51c72848c68a965f66fa7a88855f9f7784502a7f'
 '0x77d5f03822f94b39ad6117f6a46761ec5879031b']",2,"['0x37a8f295612602f2774d331e562be9e61b83a327'
 '0x77d5f03822f94b39ad6117f6a46761ec5879031b']"
214,1,1,['0x3fc91a3afd70395cd496c647d5a6cc9d4b2b7fad'],1,['0x37a8f295612602f2774d331e562be9e61b83a327']
215,2,2,"['0x51c72848c68a965f66fa7a88855f9f7784502a7f'
 '0x77d5f03822f94b39ad6117f6a46761ec5879031b']",2,"['0x37a8f295612602f2774d331e562be9e61b83a327'
 '0x77d5f03822f94b39ad6117f6a46761ec5879031b']"
216,1,1,['0xe37e799d5077682fa0a244d46e5649f71457bd09'],1,['0xb01f8f528702d411d24c9bb8cc0e2fff779ec013']
218,2,1,['0x004375dff511095cc5a197a54140a24efef3a416'],1,['0xbb2b8038a1640196fbe3e38816f3e67cba72d940']
221,1,1,['0xe37e799d5077682fa0a244d46e5649f71457bd09'],1,['0xb01f8f528702d411d24c9bb8cc0e2fff779ec013']
222,2,2,"['0x51c72848c68a965f66fa7a88855f9f7784502a7f'
 '0x77d5f03822f94b39ad6117f6a46761ec5879031b']",2,"['0x37a8f295612602f2774d331e562be9e61b83a327'
 '0x77d5f03822f94b39ad6117f6a46761ec5879031b']"
225,1,1,['0xb5087f95643a9a4069471a28d32c569d9bd57fe4'],1,['0xe15e6583425700993bd08f51bf6e7b73cd5da91b']
226,1,1,['0xa9d1e08c7793af67e9d92fe308d5697fb81d3e43'],1,['0x4aa1c8feceaf877db6dbe41685856dd34f512d4d']
228,1,1,['0x3fc91a3afd70395cd496c647d5a6cc9d4b2b7fad'],1,['0x37a8f295612602f2774d331e562be9e61b83a327']
234,1,1,['0x3fc91a3afd70395cd496c647d5a6cc9d4b2b7fad'],1,['0x37a8f295612602f2774d331e562be9e61b83a327']
235,1,1,['0xbb2b8038a1640196fbe3e38816f3e67cba72d940'],1,['0x96da3b8edea72329c791d9baf5521909791df560']
236,4,3,"['0xbc1902b1a219930c06361b07d57c6312fc7b10c6'
 '0xdd40e232b593ad4a97be4dd28f5315e8af59b8d8'
 '0xf081470f5c6fbccf48cc4e5b82dd926409dcdd67']",2,"['0x9a772018fbd77fcd2d25657e5c547baff3fd7d16'
 '0xf081470f5c6fbccf48cc4e5b82dd926409dcdd67']"
238,1,1,['0x3fc91a3afd70395cd496c647d5a6cc9d4b2b7fad'],1,['0x37a8f295612602f2774d331e562be9e61b83a327']
243,1,1,['0xbb2b8038a1640196fbe3e38816f3e67cba72d940'],1,['0x96da3b8edea72329c791d9baf5521909791df560']
255,3,3,"['0xc45317b15633bbc021af594890e21e630b85727e'
 '0xe0d0cf872c09968f1554730042ee680354dec994'
 '0xff8ba4d1fc3762f6154cc942ccf30049a2a0cec6']",3,"['0x37a8f295612602f2774d331e562be9e61b83a327'
 '0x53c58e975f3f72162fc0509b9742c9b55e24a599'
 '0xe0d0cf872c09968f1554730042ee680354dec994']"
263,2,2,"['0xe592427a0aece92de3edee1f18e0157c05861564'
 '0xe6ff8b9a37b0fab776134636d9981aa778c4e718']",2,"['0x9db9e0e53058c89e5b94e29621a205198648425b'
 '0xe592427a0aece92de3edee1f18e0157c05861564']"
267,4,4,"['0x1a57c0a9d3cfdc0d4f6b550689d94e0df0bc2d59'
 '0x4585fe77225b41b697c938b018e2ac67ac5a20c0'
 '0xc36442b4a4522e871399cd717abdd847ab11fe88'
 '0xe0d0cf872c09968f1554730042ee680354dec994']",4,"['0x22618019fae62c0e3f23a1410ea3f0b6ff7bda44'
 '0x53c58e975f3f72162fc0509b9742c9b55e24a599'
 '0xc36442b4a4522e871399cd717abdd847ab11fe88'
 '0xe0d0cf872c09968f1554730042ee680354dec994']"
268,1,1,['0xf955c57f9ea9dc8781965feae0b6a2ace2bad6f3'],1,['0x480f0d4887ed4f16d2299031dffec90782826269']
273,1,1,['0x28c6c06298d514db089934071355e5743bf21d60'],1,['0x12d34999f6c558e600060b76c30ad0fb9b6e4e5b']
276,1,1,['0x8bc3702c35d33e5df7cb0f06cb72a0c34ae0c56f'],1,['0xbec6303fe4b422a29f6c9f1d6bb51daf79015be8']
300,2,2,"['0x51c72848c68a965f66fa7a88855f9f7784502a7f'
 '0x77d5f03822f94b39ad6117f6a46761ec5879031b']",2,"['0x37a8f295612602f2774d331e562be9e61b83a327'
 '0x77d5f03822f94b39ad6117f6a46761ec5879031b']"
301,1,1,['0xcbcdf9626bc03e24f779434178a73a0b4bad62ed'],1,['0xceff51756c56ceffca006cd410b03ffc46dd3a58']
303,1,1,['0xe37e799d5077682fa0a244d46e5649f71457bd09'],1,['0xb01f8f528702d411d24c9bb8cc0e2fff779ec013']
311,1,1,['0x25ab3efd52e6470681ce037cd546dc60726948d3'],1,['0x1565f87990907b07a3abb77ac515ce7300990dc2']
313,2,2,"['0x5799a4db92b6d5ab4e321f8269da03df458dfc67'
 '0x74de5d4fcbf63e00296fd95d33236b9794016631']",2,"['0x74de5d4fcbf63e00296fd95d33236b9794016631'
 '0xbb2b8038a1640196fbe3e38816f3e67cba72d940']"
316,2,2,"['0x74de5d4fcbf63e00296fd95d33236b9794016631'
 '0xbb2b8038a1640196fbe3e38816f3e67cba72d940']",2,"['0x4d079c3cba1b75a2e84906e4e385d16b05ef978e'
 '0x74de5d4fcbf63e00296fd95d33236b9794016631']"
317,2,2,"['0x3fc91a3afd70395cd496c647d5a6cc9d4b2b7fad'
 '0x4585fe77225b41b697c938b018e2ac67ac5a20c0']",2,"['0x3fc91a3afd70395cd496c647d5a6cc9d4b2b7fad'
 '0x99ac8ca7087fa4a2a1fb6357269965a2014abc35']"
319,2,1,['0x74de5d4fcbf63e00296fd95d33236b9794016631'],1,['0x2acf35c9a3f4c5c3f4c78ef5fb64c3ee82f07c45']
321,2,2,"['0x111111125421ca6dc452d289314280a0f8842a65'
 '0xbad9ada0e9633ed27fa183dbdeceef76712a6ee1']",2,"['0x111111125421ca6dc452d289314280a0f8842a65'
 '0x263a03c9bee8a3ff9fb1513124ce6b08172103b4']"
323,1,1,['0x69460570c93f9de5e2edbc3052bf10125f0ca22d'],1,['0xca868ef1df9e52d7d5ac79f7e52f492e619f2bab']
335,2,1,['0x74de5d4fcbf63e00296fd95d33236b9794016631'],1,['0x2acf35c9a3f4c5c3f4c78ef5fb64c3ee82f07c45']
336,1,1,['0x28c6c06298d514db089934071355e5743bf21d60'],1,['0x3d58e5bf37e39f554b054b0e4c7ea060e81c3e82']
343,1,1,['0x21a31ee1afc51d94c2efccaa2092ad1028285549'],1,['0x9ea5b2817a7fc47ce87576c19de9b01e8949bbcc']
351,1,1,['0x8bc3702c35d33e5df7cb0f06cb72a0c34ae0c56f'],1,['0xedd6c76e12b97a516494940e5861c8ea5ff5a4b8']
353,2,2,"['0x6ab3bba2f41e7eaa262fa5a1a9b3932fa161526f'
 '0xe592427a0aece92de3edee1f18e0157c05861564']",2,"['0x9a772018fbd77fcd2d25657e5c547baff3fd7d16'
 '0xe592427a0aece92de3edee1f18e0157c05861564']"
355,1,1,['0x74de5d4fcbf63e00296fd95d33236b9794016631'],1,['0x2acf35c9a3f4c5c3f4c78ef5fb64c3ee82f07c45']
356,1,1,['0x6f1cdbbb4d53d226cf4b917bf768b94acbab6168'],1,['0x37a8f295612602f2774d331e562be9e61b83a327']
357,1,1,['0xdef171fe48cf0115b1d80b88dc8eab59176fee57'],1,['0xd5b927956057075377263aab7f8afc12f85100db']
363,4,4,"['0x391e8501b626c623d39474afca6f9e46c2686649'
 '0x3fc91a3afd70395cd496c647d5a6cc9d4b2b7fad'
 '0x4585fe77225b41b697c938b018e2ac67ac5a20c0'
 '0xf081470f5c6fbccf48cc4e5b82dd926409dcdd67']",4,"['0x3fc91a3afd70395cd496c647d5a6cc9d4b2b7fad'
 '0x6604b79b688a2e78414f1b91d9a4f2ee4bd51cf6'
 '0x9a772018fbd77fcd2d25657e5c547baff3fd7d16'
 '0xf081470f5c6fbccf48cc4e5b82dd926409dcdd67']"
364,2,2,"['0x93b547aa364d126e6cee166d5375fd413288f3d6'
 '0xe6902970737043c177b508bbc36d5db9e0148240']",2,"['0xa9d1e08c7793af67e9d92fe308d5697fb81d3e43'
 '0xcbcdf9626bc03e24f779434178a73a0b4bad62ed']"
371,2,2,"['0x3ee18b2214aff97000d974cf647e7c347e8fa585'
 '0x4585fe77225b41b697c938b018e2ac67ac5a20c0']",2,"['0xcafd2f0a35a4459fa40c0517e17e6fa2939441ca'
 '0xceff51756c56ceffca006cd410b03ffc46dd3a58']"
374,1,1,['0xd4094015df83267a8008fb83ad0879e2ad696d33'],1,['0xf3b0073e3a7f747c7a38b36b805247b222c302a3']
377,2,2,"['0x537d3a9be5948e483421e09c932abcf62a6f98c5'
 '0x89b9481ec3afc4b39841e37eca3c17156cb86084']",2,"['0x1e0b5fe149702b6539ab236758339b6155ebdc9e'
 '0xcffad3200574698b78f32232aa9d63eabd290703']"
378,1,1,['0x537d3a9be5948e483421e09c932abcf62a6f98c5'],1,['0xcffad3200574698b78f32232aa9d63eabd290703']
379,1,1,['0x537d3a9be5948e483421e09c932abcf62a6f98c5'],1,['0xcffad3200574698b78f32232aa9d63eabd290703']
384,3,3,"['0x300bbbacbb97e33753f5e0fdc4b320446d2d81e5'
 '0x335ebdb20e44a98bde5373bb417f537e0225b8d8'
 '0x89b9481ec3afc4b39841e37eca3c17156cb86084']",2,"['0x1e0b5fe149702b6539ab236758339b6155ebdc9e'
 '0xf3b0073e3a7f747c7a38b36b805247b222c302a3']"
385,1,1,['0xb2db04ae40686c2dd2b4baf43a6c489c963a1ac4'],1,['0xd1742b3c4fbb096990c8950fa635aec75b30781a']
386,2,2,"['0x4756acb440cf6d327e4c046388a9433bc46342ed'
 '0xc97ad1c84065031739c96496ece340c8aeebeb2c']",2,"['0xa4108aa1ec4967f8b52220a4f7e94a8201f2d906'
 '0xcffad3200574698b78f32232aa9d63eabd290703']"
391,4,4,"['0x41a13f37864888d65a2e27f2b7cd02091ec6bd54'
 '0x475081b18eddd682c0aad113047f45fffc24a27f'
 '0x9a47f3289794e9bbc6a3c571f6d96ad4e7baed16'
 '0xe397c4883ec89ed4fc9d258f00c689708b2799c9']",4,"['0x475081b18eddd682c0aad113047f45fffc24a27f'
 '0x5c7bcd6e7de5423a257d81b442095a1a6ced35c5'
 '0x9a47f3289794e9bbc6a3c571f6d96ad4e7baed16'
 '0xe397c4883ec89ed4fc9d258f00c689708b2799c9']"
392,1,1,['0xdf9cb83b126ada62a631de5bc3b0d3da325fbcf1'],1,['0xecaac0b9fbd124ccb10d9b4917fd58b659ff02e6']
395,1,1,['0xcafd2f0a35a4459fa40c0517e17e6fa2939441ca'],1,['0x2f11cb682ddd48c2c39199e47002a53ae42982f5']
404,1,1,['0xff42ec1c83e0f4939c45ab4f6a027b44e5a3fc8f'],1,['0x1f3ec584249fc0fb69ded1ef6f75b42fd139f0a5']
406,2,2,"['0x3ad1e95e1bb50370774fd9d07fd7aa317d0bb11e'
 '0x4d2f5cfba55ae412221182d8475bc85799a5644b']",2,"['0x3ad1e95e1bb50370774fd9d07fd7aa317d0bb11e'
 '0x8cd52ee292313c4d851e71a7064f096504ab3ee9']"
409,2,2,"['0x3ad1e95e1bb50370774fd9d07fd7aa317d0bb11e'
 '0x4d2f5cfba55ae412221182d8475bc85799a5644b']",2,"['0x3ad1e95e1bb50370774fd9d07fd7aa317d0bb11e'
 '0x8cd52ee292313c4d851e71a7064f096504ab3ee9']"
410,2,2,"['0x3ad1e95e1bb50370774fd9d07fd7aa317d0bb11e'
 '0x4d2f5cfba55ae412221182d8475bc85799a5644b']",2,"['0x3ad1e95e1bb50370774fd9d07fd7aa317d0bb11e'
 '0x8cd52ee292313c4d851e71a7064f096504ab3ee9']"
413,1,1,['0xdef171fe48cf0115b1d80b88dc8eab59176fee57'],1,['0x02e7b8511831b1b02d9018215a0f8f500ea5c6b3']
414,2,2,"['0xb1da5ea6165cd3be69c47f8bb427c0f384b5a8f7'
 '0xb237947feeebc583e86fe1014d8347a1f5e255bf']",2,"['0xcffad3200574698b78f32232aa9d63eabd290703'
 '0xf3b0073e3a7f747c7a38b36b805247b222c302a3']"
431,1,1,['0xf081470f5c6fbccf48cc4e5b82dd926409dcdd67'],1,['0x4f82e73edb06d29ff62c91ec8f5ff06571bdeb29']
432,1,1,['0xff8ba4d1fc3762f6154cc942ccf30049a2a0cec6'],1,['0x37a8f295612602f2774d331e562be9e61b83a327']
434,1,1,['0x98c459f23cb26613e3978132fde8fe2230cddf9b'],1,['0xcffad3200574698b78f32232aa9d63eabd290703']
437,1,1,['0xff8ba4d1fc3762f6154cc942ccf30049a2a0cec6'],1,['0x37a8f295612602f2774d331e562be9e61b83a327']
439,2,2,"['0xff42ec1c83e0f4939c45ab4f6a027b44e5a3fc8f'
 '0xff8ba4d1fc3762f6154cc942ccf30049a2a0cec6']",2,"['0x37a8f295612602f2774d331e562be9e61b83a327'
 '0x39d549f4cba34bd14e8e8eb1c35af0f406169cb5']"
445,1,1,['0x74de5d4fcbf63e00296fd95d33236b9794016631'],1,['0x2acf35c9a3f4c5c3f4c78ef5fb64c3ee82f07c45']
446,1,1,['0x7d64cef2b7201b8177b8697037b2739da7c470b3'],1,['0xf21d5d7017f6c0fcf605c94364046240de45ec8e']
447,1,1,['0x58edf78281334335effa23101bbe3371b6a36a51'],1,['0x22fc4482844911650d9ded9f05459287e22bd261']
449,2,2,"['0x3fc91a3afd70395cd496c647d5a6cc9d4b2b7fad'
 '0xcbcdf9626bc03e24f779434178a73a0b4bad62ed']",2,"['0x3fc91a3afd70395cd496c647d5a6cc9d4b2b7fad'
 '0x99ac8ca7087fa4a2a1fb6357269965a2014abc35']"
451,2,2,"['0x74b3691ebc3fb083e36065a1986d6c490b13e95a'
 '0xe4422365fcd1474ee9200fb45332524f6e4ee069']",2,"['0x25ab3efd52e6470681ce037cd546dc60726948d3'
 '0x6967cef6ff12397c9c760e031b793153139f7a25']"
452,1,1,['0x74de5d4fcbf63e00296fd95d33236b9794016631'],1,['0x51c72848c68a965f66fa7a88855f9f7784502a7f']
454,1,1,['0x3fc91a3afd70395cd496c647d5a6cc9d4b2b7fad'],1,['0x37a8f295612602f2774d331e562be9e61b83a327']
458,1,1,['0x77743b9b7e01ed3376fd33fa276a6bfc687e42c0'],1,['0x594ab88dd5caa9e1445364fa0a3d4a175033c235']
461,4,4,"['0x004375dff511095cc5a197a54140a24efef3a416'
 '0x74de5d4fcbf63e00296fd95d33236b9794016631'
 '0xdb456dc51aeef321b90f9a73c69ad4605620d0b4'
 '0xe0d0cf872c09968f1554730042ee680354dec994']",4,"['0x53c58e975f3f72162fc0509b9742c9b55e24a599'
 '0x74de5d4fcbf63e00296fd95d33236b9794016631'
 '0xd11302dd19a6509adc9a0664b9fb28fc4cc03ddb'
 '0xe0d0cf872c09968f1554730042ee680354dec994']"
462,1,1,['0x3fc91a3afd70395cd496c647d5a6cc9d4b2b7fad'],1,['0x37a8f295612602f2774d331e562be9e61b83a327']
468,1,1,['0x28c6c06298d514db089934071355e5743bf21d60'],1,['0x7c0ce0abc10e8b0907e4ae8d9835029f0112080e']
469,1,1,['0x9a47f3289794e9bbc6a3c571f6d96ad4e7baed16'],1,['0xe6b738da243e8fa2a0ed5915645789add5de5152']
476,1,1,['0xdfd5293d8e347dfe59e90efd55b2956a1343963d'],1,['0x80cfc7a83157d98db8adf0ec457f890008ba5849']
481,1,1,['0x3fc91a3afd70395cd496c647d5a6cc9d4b2b7fad'],1,['0x37a8f295612602f2774d331e562be9e61b83a327']
482,1,1,['0x6c5309036328a437a2fa40c1ca4df3336addef12'],1,['0xb4ae24077ea709cfbf38472c56933755f8f082f2']
499,1,1,['0xceff51756c56ceffca006cd410b03ffc46dd3a58'],1,['0xbd244e7c55870fbedfa3f8fa3c322dacb392af2a']
510,1,1,['0x8bc3702c35d33e5df7cb0f06cb72a0c34ae0c56f'],1,['0x82dcd799ad56189e8b737a97e4c10211dc127cfc']
516,1,1,['0x58edf78281334335effa23101bbe3371b6a36a51'],1,['0xefd57270e840fef56a2e7820c86b7c710e8d33a1']
524,3,3,"['0x74de5d4fcbf63e00296fd95d33236b9794016631'
 '0x9a47f3289794e9bbc6a3c571f6d96ad4e7baed16'
 '0xa7ca2c8673bcfa5a26d8ceec2887f2cc2b0db22a']",3,"['0x2acf35c9a3f4c5c3f4c78ef5fb64c3ee82f07c45'
 '0xe6b738da243e8fa2a0ed5915645789add5de5152'
 '0xeb4af8a64070ef0dea6260e0bf2310748f014d88']"
527,1,1,['0x74de5d4fcbf63e00296fd95d33236b9794016631'],1,['0x2acf35c9a3f4c5c3f4c78ef5fb64c3ee82f07c45']
528,1,1,['0xe37e799d5077682fa0a244d46e5649f71457bd09'],1,['0xacf98af36845ec9aeda29feed2907ea287388cf3']
534,2,2,"['0x6cc5f688a315f3dc28a7781717a9a798a59fda7b'
 '0x9a47f3289794e9bbc6a3c571f6d96ad4e7baed16']",2,"['0x3fb17a4dbe4e021a610736be80a5875d3b6019fb'
 '0xe6b738da243e8fa2a0ed5915645789add5de5152']"
535,1,1,['0x51a710218ec2ba2ac459ee28ec37c6df7fe18e11'],1,['0x83aeb60c5d39492603f29537219d8a8afb9fd93c']
542,1,1,['0x51c72848c68a965f66fa7a88855f9f7784502a7f'],1,['0xad30f7eebd9bd5150a256f47da41d4403033cdf0']
545,1,1,['0x3fc91a3afd70395cd496c647d5a6cc9d4b2b7fad'],1,['0x37a8f295612602f2774d331e562be9e61b83a327']
551,1,1,['0x3fc91a3afd70395cd496c647d5a6cc9d4b2b7fad'],1,['0x37a8f295612602f2774d331e562be9e61b83a327']
562,1,1,['0x74de5d4fcbf63e00296fd95d33236b9794016631'],1,['0x2acf35c9a3f4c5c3f4c78ef5fb64c3ee82f07c45']
563,5,5,"['0x391e8501b626c623d39474afca6f9e46c2686649'
 '0xa4bcc23f40f18ae6613cf98a2dc2eb54d478eed9'
 '0xbeb5fd030ffb0fbc95d68113c1c796eff65526d7'
 '0xe0d0cf872c09968f1554730042ee680354dec994'
 '0xf081470f5c6fbccf48cc4e5b82dd926409dcdd67']",5,"['0x53c58e975f3f72162fc0509b9742c9b55e24a599'
 '0x992c59d45dd67706d7aaa118beb331c203858417'
 '0xa4bcc23f40f18ae6613cf98a2dc2eb54d478eed9'
 '0xe0d0cf872c09968f1554730042ee680354dec994'
 '0xf081470f5c6fbccf48cc4e5b82dd926409dcdd67']"
565,1,1,['0x0ef6aeb825dc4c9983d551f8afefaae9d79165c6'],1,['0x2ccffb277df28f40f9e8f158f65ba610ca6d6e8a']
567,5,4,"['0x27ae7e550ad5f36e5ac005106c81edefeceb8eaa'
 '0x28c6c06298d514db089934071355e5743bf21d60'
 '0x3fc91a3afd70395cd496c647d5a6cc9d4b2b7fad'
 '0xe0d0cf872c09968f1554730042ee680354dec994']",4,"['0x27ae7e550ad5f36e5ac005106c81edefeceb8eaa'
 '0x37a8f295612602f2774d331e562be9e61b83a327'
 '0x53c58e975f3f72162fc0509b9742c9b55e24a599'
 '0xe0d0cf872c09968f1554730042ee680354dec994']"
568,11,3,"['0x25ab3efd52e6470681ce037cd546dc60726948d3'
 '0x28c6c06298d514db089934071355e5743bf21d60'
 '0xe94ad792ba402d5691d51cf159058ffb8dffd688']",11,"['0x422df9925b24c7735deef68f72e7e1622406b015'
 '0x64534e9e8966a8b70e8597e9a3a1be881fa9f897'
 '0x76a47288cbc8fb57418544d6c1930d198d15ffc3'
 '0x7c15c039fd286bd862fd8d73d521939276e72a5d'
 '0x80c84ecf774cdbbf2dfdaa6146ea9025bb0eecc5'
 '0x830730c0696f61053c4f9d1db575d8ce41b77241'
 '0xa2c8a36eb1ba358218d4797239bb12626b980bd8'
 '0xba7b08324a6d0171af130b0c95097a3ae80470dd'
 '0xc6336e9877e48ad0ba5b60f0dd3cadf1cd9c9ff7'
 '0xd851136c9217c4a82212350fc9440efd700c0bb8'
 '0xe94d6388ad7ee1d929ec89984e25e6f21fca897f']"
569,1,1,['0x1ec1bcb791c39477935719937e030fcb4ea1f8c1'],1,['0x49bb82f32d9548aea5724ba48e124ce5258d1d2a']
570,2,2,"['0x86cccda3799a43fbceb4cec6ad8b028f5bf8b3dd'
 '0x9393a68e904b1f52a081cdfcf02ec56d842bf239']",2,"['0x391e8501b626c623d39474afca6f9e46c2686649'
 '0x9393a68e904b1f52a081cdfcf02ec56d842bf239']"
573,1,1,['0x21a31ee1afc51d94c2efccaa2092ad1028285549'],1,['0xed709478782b9ecb7c48c9cb3bec0e8c631b2222']
574,2,2,"['0xe0d0cf872c09968f1554730042ee680354dec994'
 '0xf2f62549cf1263c8ae8bae768cc35958ac4d8c35']",2,"['0x53c58e975f3f72162fc0509b9742c9b55e24a599'
 '0xe0d0cf872c09968f1554730042ee680354dec994']"
575,1,1,['0x3fc91a3afd70395cd496c647d5a6cc9d4b2b7fad'],1,['0x37a8f295612602f2774d331e562be9e61b83a327']
576,4,4,"['0x74de5d4fcbf63e00296fd95d33236b9794016631'
 '0x8b5033b9228bb658d93bb1f456ba2101a233b785'
 '0xbefb928e710a698f30762d9143de5294c17a0347'
 '0xc1ae248e11aee94c227d283448f0826f44001f42']",4,"['0x3f7e5567095b34d23815763291a17ed86572b614'
 '0x74de5d4fcbf63e00296fd95d33236b9794016631'
 '0x8d89cac9204e92053d61e8b8df06c18a0461a91e'
 '0xbb2b8038a1640196fbe3e38816f3e67cba72d940']"
577,2,2,"['0x58edf78281334335effa23101bbe3371b6a36a51'
 '0xf89d7b9c864f589bbf53a82105107622b35eaa40']",2,"['0x18548588fdc8e3e897dfa4f455f9400cd62d0d69'
 '0x2fbeb4111c3f176a08dbd913990bf6e4105a6a7a']"
582,5,5,"['0x58edf78281334335effa23101bbe3371b6a36a51'
 '0x701fc985623beae9a83959f2527b3d633a8e302c'
 '0x74de5d4fcbf63e00296fd95d33236b9794016631'
 '0x9c8912b15ac4541a1457ece5a5fc87a51ec3d648'
 '0xe0d0cf872c09968f1554730042ee680354dec994']",5,"['0x53c58e975f3f72162fc0509b9742c9b55e24a599'
 '0x74de5d4fcbf63e00296fd95d33236b9794016631'
 '0xceff51756c56ceffca006cd410b03ffc46dd3a58'
 '0xe0d0cf872c09968f1554730042ee680354dec994'
 '0xefd57270e840fef56a2e7820c86b7c710e8d33a1']"
583,2,2,"['0x1b644ca42ecc78b90e23eac669a6dece27742a5a'
 '0xe0d0cf872c09968f1554730042ee680354dec994']",2,"['0x53c58e975f3f72162fc0509b9742c9b55e24a599'
 '0xe0d0cf872c09968f1554730042ee680354dec994']"
584,2,1,['0xd98e6008c2be593049bcd18302965e3850ab0859'],2,"['0x4585fe77225b41b697c938b018e2ac67ac5a20c0'
 '0xbb2b8038a1640196fbe3e38816f3e67cba72d940']"
586,2,2,"['0xbd4e988157010872419c659ad47e1bed396d252b'
 '0xe0d0cf872c09968f1554730042ee680354dec994']",2,"['0x53c58e975f3f72162fc0509b9742c9b55e24a599'
 '0xe0d0cf872c09968f1554730042ee680354dec994']"
589,1,1,['0xd2b2d95f4506f90c4a86a17a2b5738f41c9d652c'],1,['0x25ab3efd52e6470681ce037cd546dc60726948d3']
590,1,1,['0x4197ba364ae6698015ae5c1468f54087602715b2'],1,['0x57db2d7d80fc2669a67f32e6fd1e5c22846eb150']
599,1,1,['0xb9c5593534844132c80109a1475b3502d3f7867d'],1,['0x6ecbc94c4b7d558e6dec0704194a28904758da9e']
600,2,2,"['0x3fc91a3afd70395cd496c647d5a6cc9d4b2b7fad'
 '0xcbcdf9626bc03e24f779434178a73a0b4bad62ed']",2,"['0x3fc91a3afd70395cd496c647d5a6cc9d4b2b7fad'
 '0xe85e209cae9a3f8f549f25efb194104628b916c9']"
602,1,1,['0x74de5d4fcbf63e00296fd95d33236b9794016631'],1,['0x2acf35c9a3f4c5c3f4c78ef5fb64c3ee82f07c45']
603,1,1,['0x3fc91a3afd70395cd496c647d5a6cc9d4b2b7fad'],1,['0x37a8f295612602f2774d331e562be9e61b83a327']
605,1,1,['0x3fc91a3afd70395cd496c647d5a6cc9d4b2b7fad'],1,['0x14fe21f94665f173d99503d254bea54b5081d49d']
609,1,1,['0x28c6c06298d514db089934071355e5743bf21d60'],1,['0x318b221de5a1bb2e412379fc686bb34fee0ac7f2']
610,1,1,['0xa9d1e08c7793af67e9d92fe308d5697fb81d3e43'],1,['0x4aa1c8feceaf877db6dbe41685856dd34f512d4d']
615,1,1,['0x74de5d4fcbf63e00296fd95d33236b9794016631'],1,['0x2acf35c9a3f4c5c3f4c78ef5fb64c3ee82f07c45']
617,1,1,['0x28c6c06298d514db089934071355e5743bf21d60'],1,['0xe65e7c7e5047fb214e6736dd4bd2a0b93cd80161']
619,2,2,"['0xe592427a0aece92de3edee1f18e0157c05861564'
 '0xe6ff8b9a37b0fab776134636d9981aa778c4e718']",2,"['0x9db9e0e53058c89e5b94e29621a205198648425b'
 '0xe592427a0aece92de3edee1f18e0157c05861564']"
620,2,2,"['0xcd461b73d5fc8ea1d69a600f44618bdfac98364d'
 '0xf081470f5c6fbccf48cc4e5b82dd926409dcdd67']",2,"['0xd51a44d3fae010294c616388b506acda1bfaae46'
 '0xf081470f5c6fbccf48cc4e5b82dd926409dcdd67']"
628,1,1,['0xf89d7b9c864f589bbf53a82105107622b35eaa40'],1,['0x328f9a6218249f99aa6f2c9482dff1a0ff5e2467']
631,2,2,"['0x5050e08626c499411b5d0e0b5af0e83d3fd82edf'
 '0xdef171fe48cf0115b1d80b88dc8eab59176fee57']",2,"['0x6c1a1dc92d6f7fbbbd2888ed9e7e94b09f32c503'
 '0xef13101c5bbd737cfb2bf00bbd38c626ad6952f7']"
633,1,1,['0x4585fe77225b41b697c938b018e2ac67ac5a20c0'],1,['0xceff51756c56ceffca006cd410b03ffc46dd3a58']
635,1,1,['0x66b1d1ea6487333af4fbe022ad72b6bc5c68681b'],1,['0x807436407a6dace7195dd62090f3e04e5a67ab89']
637,2,2,"['0x21a31ee1afc51d94c2efccaa2092ad1028285549'
 '0x353e1e7a049168eb7ba6964b47b77b6aaebbcf19']",2,"['0x41a969a9d41f2066bb8ad1c2896e0cec63066cc9'
 '0xaa21bef62d14bb607993c7b5e4d23e99d2c1bfbb']"
639,1,1,['0x974caa59e49682cda0ad2bbe82983419a2ecc400'],1,['0xd7d079345a9f426104bef9dc75215bf25558da68']
640,1,1,['0x74de5d4fcbf63e00296fd95d33236b9794016631'],1,['0x2acf35c9a3f4c5c3f4c78ef5fb64c3ee82f07c45']
642,1,1,['0x51c72848c68a965f66fa7a88855f9f7784502a7f'],1,['0xad30f7eebd9bd5150a256f47da41d4403033cdf0']
644,1,1,['0x3fc91a3afd70395cd496c647d5a6cc9d4b2b7fad'],1,['0x37a8f295612602f2774d331e562be9e61b83a327']
648,3,3,"['0x3fc91a3afd70395cd496c647d5a6cc9d4b2b7fad'
 '0x4585fe77225b41b697c938b018e2ac67ac5a20c0'
 '0xe37e799d5077682fa0a244d46e5649f71457bd09']",3,"['0x3fc91a3afd70395cd496c647d5a6cc9d4b2b7fad'
 '0x47ec27dd83ed3fa1da2cbde95ce5621b69bff3fa'
 '0xb01f8f528702d411d24c9bb8cc0e2fff779ec013']"
651,1,1,['0x3fc91a3afd70395cd496c647d5a6cc9d4b2b7fad'],1,['0x37a8f295612602f2774d331e562be9e61b83a327']
653,3,3,"['0x0de0fa91b6dbab8c8503aaa2d1dfa91a192cb149'
 '0x74de5d4fcbf63e00296fd95d33236b9794016631'
 '0xa7ca2c8673bcfa5a26d8ceec2887f2cc2b0db22a']",3,"['0x74de5d4fcbf63e00296fd95d33236b9794016631'
 '0xcd75989a5d8c5998ae4f889d85471c91bc95c290'
 '0xeb4af8a64070ef0dea6260e0bf2310748f014d88']"
656,1,1,['0x51c72848c68a965f66fa7a88855f9f7784502a7f'],1,['0xad30f7eebd9bd5150a256f47da41d4403033cdf0']
658,1,1,['0x22f9dcf4647084d6c31b2765f6910cd85c178c18'],1,['0xad01c20d5886137e056775af56915de824c8fce5']
667,1,1,['0x74de5d4fcbf63e00296fd95d33236b9794016631'],1,['0x2acf35c9a3f4c5c3f4c78ef5fb64c3ee82f07c45']
670,1,1,['0xa9d1e08c7793af67e9d92fe308d5697fb81d3e43'],1,['0xb1da5ea6165cd3be69c47f8bb427c0f384b5a8f7']
672,1,1,['0x74de5d4fcbf63e00296fd95d33236b9794016631'],1,['0x2acf35c9a3f4c5c3f4c78ef5fb64c3ee82f07c45']
673,2,2,"['0x6ab3bba2f41e7eaa262fa5a1a9b3932fa161526f'
 '0xe592427a0aece92de3edee1f18e0157c05861564']",2,"['0x9a772018fbd77fcd2d25657e5c547baff3fd7d16'
 '0xe592427a0aece92de3edee1f18e0157c05861564']"
677,1,1,['0xff8ba4d1fc3762f6154cc942ccf30049a2a0cec6'],1,['0x37a8f295612602f2774d331e562be9e61b83a327']
693,1,1,['0xfa88f40db0e9c546548ccf8722ad921c8dda364e'],1,['0x42070630d4cc5b1743ae29d047c3cf0407112150']
694,3,3,"['0x163bfbd7f757a1eb159fbd50ca2f9a574014b0bd'
 '0xf081470f5c6fbccf48cc4e5b82dd926409dcdd67'
 '0xfa88f40db0e9c546548ccf8722ad921c8dda364e']",3,"['0x9a772018fbd77fcd2d25657e5c547baff3fd7d16'
 '0xaf2358e98683265cbd3a48509123d390ddf54534'
 '0xf081470f5c6fbccf48cc4e5b82dd926409dcdd67']"
695,1,1,['0x74de5d4fcbf63e00296fd95d33236b9794016631'],1,['0x2acf35c9a3f4c5c3f4c78ef5fb64c3ee82f07c45']
699,1,1,['0xff8ba4d1fc3762f6154cc942ccf30049a2a0cec6'],1,['0x37a8f295612602f2774d331e562be9e61b83a327']
701,1,1,['0xff8ba4d1fc3762f6154cc942ccf30049a2a0cec6'],1,['0x37a8f295612602f2774d331e562be9e61b83a327']
705,1,1,['0xff8ba4d1fc3762f6154cc942ccf30049a2a0cec6'],1,['0x37a8f295612602f2774d331e562be9e61b83a327']
710,1,1,['0x0639556f03714a74a5feeaf5736a4a64ff70d206'],1,['0xe574ad12062b881740678775b1b519ba16809bfa']
726,1,1,['0x3fc91a3afd70395cd496c647d5a6cc9d4b2b7fad'],1,['0x37a8f295612602f2774d331e562be9e61b83a327']
734,2,2,"['0x74de5d4fcbf63e00296fd95d33236b9794016631'
 '0xa9d1e08c7793af67e9d92fe308d5697fb81d3e43']",2,"['0x2acf35c9a3f4c5c3f4c78ef5fb64c3ee82f07c45'
 '0x9ff4c2cfe8174f5b0161c0107dd2012997b9d0b5']"
740,1,1,['0x74de5d4fcbf63e00296fd95d33236b9794016631'],1,['0x2acf35c9a3f4c5c3f4c78ef5fb64c3ee82f07c45']
742,2,2,"['0x22f9dcf4647084d6c31b2765f6910cd85c178c18'
 '0x3fc91a3afd70395cd496c647d5a6cc9d4b2b7fad']",2,"['0x37a8f295612602f2774d331e562be9e61b83a327'
 '0xad01c20d5886137e056775af56915de824c8fce5']"
745,2,2,"['0x6775f5685a6eece5a3c2ce5b25a913ae38a48e8b'
 '0xe0d0cf872c09968f1554730042ee680354dec994']",2,"['0x53c58e975f3f72162fc0509b9742c9b55e24a599'
 '0xe0d0cf872c09968f1554730042ee680354dec994']"
746,1,1,['0x21453f14f20f6838721ffbec0b0c79ccf148697f'],1,['0xe2664cb00147e4b846f54c8f9ab1fcef26c3c255']
750,3,3,"['0x6775f5685a6eece5a3c2ce5b25a913ae38a48e8b'
 '0x74de5d4fcbf63e00296fd95d33236b9794016631'
 '0xe0d0cf872c09968f1554730042ee680354dec994']",3,"['0x2acf35c9a3f4c5c3f4c78ef5fb64c3ee82f07c45'
 '0x53c58e975f3f72162fc0509b9742c9b55e24a599'
 '0xe0d0cf872c09968f1554730042ee680354dec994']"
753,2,2,"['0xa9d1e08c7793af67e9d92fe308d5697fb81d3e43'
 '0xa9ddd91249dfdd450e81e1c56ab60e1a62651701']",2,"['0x9ff4c2cfe8174f5b0161c0107dd2012997b9d0b5'
 '0xbbbbbbbbbb9cc5e90e3b3af64bdaf62c37eeffcb']"
757,1,1,['0x0de0fa91b6dbab8c8503aaa2d1dfa91a192cb149'],1,['0xbb2b8038a1640196fbe3e38816f3e67cba72d940']
759,1,1,['0x74de5d4fcbf63e00296fd95d33236b9794016631'],1,['0x2acf35c9a3f4c5c3f4c78ef5fb64c3ee82f07c45']
760,1,1,['0xa9d1e08c7793af67e9d92fe308d5697fb81d3e43'],1,['0x3fff652fdf40070f2d50436a4f63a52d0d62b4c9']
761,1,1,['0x3fc91a3afd70395cd496c647d5a6cc9d4b2b7fad'],1,['0x37a8f295612602f2774d331e562be9e61b83a327']
762,1,1,['0x74de5d4fcbf63e00296fd95d33236b9794016631'],1,['0x2acf35c9a3f4c5c3f4c78ef5fb64c3ee82f07c45']
763,2,2,"['0x1404deed6687294542e8bc8a6fd123d591920d51'
 '0xe0d0cf872c09968f1554730042ee680354dec994']",2,"['0x53c58e975f3f72162fc0509b9742c9b55e24a599'
 '0xe0d0cf872c09968f1554730042ee680354dec994']"
767,1,1,['0xa9ddd91249dfdd450e81e1c56ab60e1a62651701'],1,['0xbbbbbbbbbb9cc5e90e3b3af64bdaf62c37eeffcb']
768,1,1,['0x74de5d4fcbf63e00296fd95d33236b9794016631'],1,['0x2acf35c9a3f4c5c3f4c78ef5fb64c3ee82f07c45']
769,1,1,['0x21453f14f20f6838721ffbec0b0c79ccf148697f'],1,['0xe2664cb00147e4b846f54c8f9ab1fcef26c3c255']
770,3,3,"['0x74de5d4fcbf63e00296fd95d33236b9794016631'
 '0xa9d1e08c7793af67e9d92fe308d5697fb81d3e43'
 '0xa9ddd91249dfdd450e81e1c56ab60e1a62651701']",3,"['0x2acf35c9a3f4c5c3f4c78ef5fb64c3ee82f07c45'
 '0x9ff4c2cfe8174f5b0161c0107dd2012997b9d0b5'
 '0xbbbbbbbbbb9cc5e90e3b3af64bdaf62c37eeffcb']"
776,1,1,['0x22f9dcf4647084d6c31b2765f6910cd85c178c18'],1,['0xad01c20d5886137e056775af56915de824c8fce5']
777,1,1,['0x74de5d4fcbf63e00296fd95d33236b9794016631'],1,['0x2acf35c9a3f4c5c3f4c78ef5fb64c3ee82f07c45']
778,1,1,['0x0de0fa91b6dbab8c8503aaa2d1dfa91a192cb149'],1,['0xbb2b8038a1640196fbe3e38816f3e67cba72d940']
781,1,1,['0x74de5d4fcbf63e00296fd95d33236b9794016631'],1,['0x2acf35c9a3f4c5c3f4c78ef5fb64c3ee82f07c45']
785,1,1,['0x3fc91a3afd70395cd496c647d5a6cc9d4b2b7fad'],1,['0x37a8f295612602f2774d331e562be9e61b83a327']
786,1,1,['0x0de0fa91b6dbab8c8503aaa2d1dfa91a192cb149'],1,['0xbb2b8038a1640196fbe3e38816f3e67cba72d940']
796,2,2,"['0xa9d1e08c7793af67e9d92fe308d5697fb81d3e43'
 '0xa9ddd91249dfdd450e81e1c56ab60e1a62651701']",2,"['0x9ff4c2cfe8174f5b0161c0107dd2012997b9d0b5'
 '0xbbbbbbbbbb9cc5e90e3b3af64bdaf62c37eeffcb']"
797,4,4,"['0x74de5d4fcbf63e00296fd95d33236b9794016631'
 '0x8627344d30e6e449653056bf7b55f80386443e99'
 '0xceff51756c56ceffca006cd410b03ffc46dd3a58'
 '0xe0d0cf872c09968f1554730042ee680354dec994']",4,"['0x53c58e975f3f72162fc0509b9742c9b55e24a599'
 '0x74de5d4fcbf63e00296fd95d33236b9794016631'
 '0x8627344d30e6e449653056bf7b55f80386443e99'
 '0xe0d0cf872c09968f1554730042ee680354dec994']"
798,1,1,['0x74de5d4fcbf63e00296fd95d33236b9794016631'],1,['0x2acf35c9a3f4c5c3f4c78ef5fb64c3ee82f07c45']
806,1,1,['0xa9d1e08c7793af67e9d92fe308d5697fb81d3e43'],1,['0x3fff652fdf40070f2d50436a4f63a52d0d62b4c9']
807,1,1,['0xfa88f40db0e9c546548ccf8722ad921c8dda364e'],1,['0x495272ba09f4536ca05ac4b70ec552b399f341cb']
809,1,1,['0x74de5d4fcbf63e00296fd95d33236b9794016631'],1,['0x2acf35c9a3f4c5c3f4c78ef5fb64c3ee82f07c45']
812,1,1,['0x74de5d4fcbf63e00296fd95d33236b9794016631'],1,['0x2acf35c9a3f4c5c3f4c78ef5fb64c3ee82f07c45']
815,1,1,['0xa9d1e08c7793af67e9d92fe308d5697fb81d3e43'],1,['0x3fff652fdf40070f2d50436a4f63a52d0d62b4c9']
816,1,1,['0x74de5d4fcbf63e00296fd95d33236b9794016631'],1,['0x2acf35c9a3f4c5c3f4c78ef5fb64c3ee82f07c45']
817,1,1,['0xfa88f40db0e9c546548ccf8722ad921c8dda364e'],1,['0x54be395aec4b8159d2912c4241a4cd6211a40fd6']
825,2,2,"['0x2bffb0290fe686409bdb0e991e0b0bf91c046cbc'
 '0xbb2b8038a1640196fbe3e38816f3e67cba72d940']",2,"['0x2bffb0290fe686409bdb0e991e0b0bf91c046cbc'
 '0xfa88f40db0e9c546548ccf8722ad921c8dda364e']"
830,1,1,['0x91afe96ed862cb3a2df3a9f93d118189a0637327'],1,['0x37a8f295612602f2774d331e562be9e61b83a327']
831,1,1,['0x22f9dcf4647084d6c31b2765f6910cd85c178c18'],1,['0xad01c20d5886137e056775af56915de824c8fce5']
851,1,1,['0x3fc91a3afd70395cd496c647d5a6cc9d4b2b7fad'],1,['0x37a8f295612602f2774d331e562be9e61b83a327']
852,1,1,['0x74de5d4fcbf63e00296fd95d33236b9794016631'],1,['0x2acf35c9a3f4c5c3f4c78ef5fb64c3ee82f07c45']
853,3,3,"['0x74de5d4fcbf63e00296fd95d33236b9794016631'
 '0xd8e82e2ead74168b71e69af5f9f718f3585ce6ab'
 '0xe0d0cf872c09968f1554730042ee680354dec994']",3,"['0x53c58e975f3f72162fc0509b9742c9b55e24a599'
 '0xd8e82e2ead74168b71e69af5f9f718f3585ce6ab'
 '0xe0d0cf872c09968f1554730042ee680354dec994']"
859,1,1,['0x0de0fa91b6dbab8c8503aaa2d1dfa91a192cb149'],1,['0xbb2b8038a1640196fbe3e38816f3e67cba72d940']
866,1,1,['0x74de5d4fcbf63e00296fd95d33236b9794016631'],1,['0x2acf35c9a3f4c5c3f4c78ef5fb64c3ee82f07c45']
892,1,1,['0x6c1a1dc92d6f7fbbbd2888ed9e7e94b09f32c503'],1,['0x37a8f295612602f2774d331e562be9e61b83a327']
893,2,2,"['0x2bffb0290fe686409bdb0e991e0b0bf91c046cbc'
 '0xbb2b8038a1640196fbe3e38816f3e67cba72d940']",2,"['0x2bffb0290fe686409bdb0e991e0b0bf91c046cbc'
 '0x52658614446caf92d1d30f7528695b2cd06667b6']"
895,1,1,['0x3fc91a3afd70395cd496c647d5a6cc9d4b2b7fad'],1,['0x37a8f295612602f2774d331e562be9e61b83a327']
913,1,1,['0x22f9dcf4647084d6c31b2765f6910cd85c178c18'],1,['0xad01c20d5886137e056775af56915de824c8fce5']
914,1,1,['0xfa88f40db0e9c546548ccf8722ad921c8dda364e'],1,['0xaf2358e98683265cbd3a48509123d390ddf54534']
916,1,1,['0x4585fe77225b41b697c938b018e2ac67ac5a20c0'],1,['0xceff51756c56ceffca006cd410b03ffc46dd3a58']
922,1,1,['0x0de0fa91b6dbab8c8503aaa2d1dfa91a192cb149'],1,['0xbb2b8038a1640196fbe3e38816f3e67cba72d940']
924,1,1,['0x0de0fa91b6dbab8c8503aaa2d1dfa91a192cb149'],1,['0xbb2b8038a1640196fbe3e38816f3e67cba72d940']
925,1,1,['0x4585fe77225b41b697c938b018e2ac67ac5a20c0'],1,['0xceff51756c56ceffca006cd410b03ffc46dd3a58']
931,1,1,['0x0de0fa91b6dbab8c8503aaa2d1dfa91a192cb149'],1,['0xbb2b8038a1640196fbe3e38816f3e67cba72d940']
945,1,1,['0xfa88f40db0e9c546548ccf8722ad921c8dda364e'],1,['0xaf2358e98683265cbd3a48509123d390ddf54534']
948,1,1,['0x3fc91a3afd70395cd496c647d5a6cc9d4b2b7fad'],1,['0x37a8f295612602f2774d331e562be9e61b83a327']
949,1,1,['0x0de0fa91b6dbab8c8503aaa2d1dfa91a192cb149'],1,['0xbb2b8038a1640196fbe3e38816f3e67cba72d940']
963,1,1,['0x0de0fa91b6dbab8c8503aaa2d1dfa91a192cb149'],1,['0xbb2b8038a1640196fbe3e38816f3e67cba72d940']
975,1,1,['0x0de0fa91b6dbab8c8503aaa2d1dfa91a192cb149'],1,['0xbb2b8038a1640196fbe3e38816f3e67cba72d940']
1018,2,2,"['0x3fc91a3afd70395cd496c647d5a6cc9d4b2b7fad'
 '0x4585fe77225b41b697c938b018e2ac67ac5a20c0']",2,"['0x3fc91a3afd70395cd496c647d5a6cc9d4b2b7fad'
 '0xb8b72f96aba236c69c29a12f554f92137b680ea8']"
1019,1,1,['0xf3f82bc165a83425e81b8f2858d786e41ab21671'],1,['0xeacadc656c9394fb09af25aebc0897fdffe484a1']
1020,2,2,"['0xdef171fe48cf0115b1d80b88dc8eab59176fee57'
 '0xe525a471c4fe4d64d27658ede2c92896a95751a6']",2,"['0x02704ed8b5a8e817f354d59432e115e0d8053394'
 '0xdef171fe48cf0115b1d80b88dc8eab59176fee57']"
1021,1,1,['0xff8ba4d1fc3762f6154cc942ccf30049a2a0cec6'],1,['0x07ccda00d82146737134dce50ec99753e57bfb78']
1032,2,2,"['0x4585fe77225b41b697c938b018e2ac67ac5a20c0'
 '0xdef1c0ded9bec7f1a1670819833240f027b25eff']",2,"['0x5f0d8fc6057a959e79f7f79f8dbf12f29f9a9f34'
 '0xdef1c0ded9bec7f1a1670819833240f027b25eff']"
1036,1,1,['0x325aa036a3a518c59c0b42aef9e6f799f583f42f'],1,['0xbb2b8038a1640196fbe3e38816f3e67cba72d940']
1037,2,2,"['0x7b24ddc40c585cc21d766201b58a1fd608b78abc'
 '0xe0d0cf872c09968f1554730042ee680354dec994']",2,"['0x53c58e975f3f72162fc0509b9742c9b55e24a599'
 '0xe0d0cf872c09968f1554730042ee680354dec994']"
1039,1,1,['0x0eae044f00b0af300500f090ea00027097d03000'],1,['0x2e4405dc1317e7d1cbfdb0b2073d3662b5da13db']
1042,1,1,['0x92a26975433a61cf1134802586aa669bab8b69f3'],1,['0x4fd02a99ea3298abfd74fa7e1af246764f807f58']
1043,2,2,"['0x22f9dcf4647084d6c31b2765f6910cd85c178c18'
 '0x80466c64868e1ab14a1ddf27a676c3fcbe638fe5']",2,"['0x22f9dcf4647084d6c31b2765f6910cd85c178c18'
 '0x9b5699d18dff51fc65fb8ad6f70d93287c36349f']"
1046,6,1,['0xe94ad792ba402d5691d51cf159058ffb8dffd688'],2,"['0x6a259978c37f6c1297058b45c377e366ce96be38'
 '0xad77409173f5d16d2005e4bdc3247c437b7ddcf3']"
1048,3,3,"['0x3fc91a3afd70395cd496c647d5a6cc9d4b2b7fad'
 '0x4585fe77225b41b697c938b018e2ac67ac5a20c0'
 '0xd2ff213449d7bc1aef459a446331aba1f0c68b4a']",3,"['0x3fc91a3afd70395cd496c647d5a6cc9d4b2b7fad'
 '0x99ac8ca7087fa4a2a1fb6357269965a2014abc35'
 '0x9f6cb20639d287e46fcb830b14fe0419b04a7a6d']"
1049,2,2,"['0x1111111254eeb25477b68fb85ed929f73a960582'
 '0xceff51756c56ceffca006cd410b03ffc46dd3a58']",2,"['0x1111111254eeb25477b68fb85ed929f73a960582'
 '0x54bc66a49909910efd35bb8f380a2739b5c52379']"
1053,1,1,['0xd556e0edf90a115fb3e1ca57edd1d06953222d31'],1,['0x8c23d8324c1d31c366c2f6f3ec486ae950abeb98']
1057,1,1,['0x48ec5560bfd59b95859965cce48cc244cfdf6b0c'],1,['0xc31e53cacc4b694e0064d1610db91213df522b92']
1058,1,1,['0x2cf03cd7791522461b043143fd03271be220d413'],1,['0x4585fe77225b41b697c938b018e2ac67ac5a20c0']
1068,2,1,['0xe37e799d5077682fa0a244d46e5649f71457bd09'],1,['0x352a3666b27bb09aca7b4a71ed624429b7549551']
1070,2,2,"['0x3a23f943181408eac424116af7b7790c94cb97a5'
 '0xceff51756c56ceffca006cd410b03ffc46dd3a58']",2,"['0x3a23f943181408eac424116af7b7790c94cb97a5'
 '0x5c7bcd6e7de5423a257d81b442095a1a6ced35c5']"
1071,1,1,['0x74de5d4fcbf63e00296fd95d33236b9794016631'],1,['0x2acf35c9a3f4c5c3f4c78ef5fb64c3ee82f07c45']
1074,1,1,['0xf955c57f9ea9dc8781965feae0b6a2ace2bad6f3'],1,['0x480f0d4887ed4f16d2299031dffec90782826269']
1085,1,1,['0x3fc91a3afd70395cd496c647d5a6cc9d4b2b7fad'],1,['0x37a8f295612602f2774d331e562be9e61b83a327']
1087,1,1,['0x74de5d4fcbf63e00296fd95d33236b9794016631'],1,['0x2acf35c9a3f4c5c3f4c78ef5fb64c3ee82f07c45']
1090,3,2,"['0x3fc91a3afd70395cd496c647d5a6cc9d4b2b7fad'
 '0x54346d39976629b65ba54eac1c9ef0af3be1921b']",2,"['0x37a8f295612602f2774d331e562be9e61b83a327'
 '0xe1633214c729a6a988832b3ce930b0179e484d20']"
1091,1,1,['0xe37e799d5077682fa0a244d46e5649f71457bd09'],1,['0xb4f34d09124b8c9712957b76707b42510041ecbb']
1102,1,1,['0xba7b93334069936275f6aafb4ae5e10306deb55f'],1,['0x7e2b8aa127f6a50715ed4d300a95e6d1d35fd08a']
1104,1,1,['0xae0cb336ff5a7f87d4bde2a84c30b7e0dc4be87a'],1,['0x9db9e0e53058c89e5b94e29621a205198648425b']
1106,1,1,['0xceff51756c56ceffca006cd410b03ffc46dd3a58'],1,['0x7835cb043e8d53a5b361d489956d6c30808349da']
1107,1,1,['0x3a5212fb9c806103209e99a15af0a846af00dc56'],1,['0xe8a8b458bcd1ececc6b6b58f80929b29ccecff40']
1110,1,1,['0x3fc91a3afd70395cd496c647d5a6cc9d4b2b7fad'],1,['0x37a8f295612602f2774d331e562be9e61b83a327']
1117,2,2,"['0xba12222222228d8ba445958a75a0704d566bf2c8'
 '0xf081470f5c6fbccf48cc4e5b82dd926409dcdd67']",2,"['0x9a772018fbd77fcd2d25657e5c547baff3fd7d16'
 '0xf081470f5c6fbccf48cc4e5b82dd926409dcdd67']"
1118,1,1,['0xa9d1e08c7793af67e9d92fe308d5697fb81d3e43'],1,['0x4aa1c8feceaf877db6dbe41685856dd34f512d4d']
1123,2,2,"['0x51c72848c68a965f66fa7a88855f9f7784502a7f'
 '0x77d5f03822f94b39ad6117f6a46761ec5879031b']",2,"['0x37a8f295612602f2774d331e562be9e61b83a327'
 '0x77d5f03822f94b39ad6117f6a46761ec5879031b']"
1130,2,1,['0x2d72004d08d46ebff5adf1e6446897573a0770f6'],1,['0x614c567948ea630c93614f5a09cc92d3b75ad1f0']
1132,2,2,"['0x28c6c06298d514db089934071355e5743bf21d60'
 '0x2e5a84e3a1ca43c5c88c5ea2da004d37d06c95d1']",2,"['0x25ab3efd52e6470681ce037cd546dc60726948d3'
 '0x2e5a84e3a1ca43c5c88c5ea2da004d37d06c95d1']"
1143,1,1,['0x519dbeb1af2ffd177146045f99fa71b3e753e523'],1,['0x37a8f295612602f2774d331e562be9e61b83a327']
1144,1,1,['0x4fc16de11deac71e8b2db539d82d93be4b486892'],1,['0x8ead7756188349ed5d6d3558dc56ef4b60f04152']
1146,1,1,['0x4fc16de11deac71e8b2db539d82d93be4b486892'],1,['0x8ead7756188349ed5d6d3558dc56ef4b60f04152']
1149,1,1,['0x6a1ad83d9e5783710349301b826b2e63681fce46'],1,['0x5e809a85aa182a9921edd10a4163745bb3e36284']
1152,1,1,['0x5f515f6c524b18ca30f7783fb58dd4be2e9904ec'],1,['0xb01f8f528702d411d24c9bb8cc0e2fff779ec013']
1164,3,3,"['0x0b5c4a7fcda49e0a8661419bb55b86161a86db2a'
 '0x7835cb043e8d53a5b361d489956d6c30808349da'
 '0xdf6c840f6349d7e1e682f10b101e2a56fffc5e27']",3,"['0x837c6915bce6f8d6b168f9e5291cb5d17101fbbf'
 '0x9a772018fbd77fcd2d25657e5c547baff3fd7d16'
 '0xceff51756c56ceffca006cd410b03ffc46dd3a58']"
1168,1,1,['0x7321ac264b89254ea749a0657d41a9a2ebf8e3da'],1,['0x37a8f295612602f2774d331e562be9e61b83a327']
1170,1,1,['0x3fc91a3afd70395cd496c647d5a6cc9d4b2b7fad'],1,['0x37a8f295612602f2774d331e562be9e61b83a327']
1194,3,3,"['0x22f9dcf4647084d6c31b2765f6910cd85c178c18'
 '0x89c30e3af15d210736b2918fbd655c9842fd74f7'
 '0xa9cffe466ba8a72707d1104de239c9ab477e2493']",3,"['0x22f9dcf4647084d6c31b2765f6910cd85c178c18'
 '0x89c30e3af15d210736b2918fbd655c9842fd74f7'
 '0x9a772018fbd77fcd2d25657e5c547baff3fd7d16']"
1197,3,3,"['0x22f9dcf4647084d6c31b2765f6910cd85c178c18'
 '0x89c30e3af15d210736b2918fbd655c9842fd74f7'
 '0xa9cffe466ba8a72707d1104de239c9ab477e2493']",3,"['0x22f9dcf4647084d6c31b2765f6910cd85c178c18'
 '0x89c30e3af15d210736b2918fbd655c9842fd74f7'
 '0x9a772018fbd77fcd2d25657e5c547baff3fd7d16']"
1207,4,4,"['0xa7ca2c8673bcfa5a26d8ceec2887f2cc2b0db22a'
 '0xc36442b4a4522e871399cd717abdd847ab11fe88'
 '0xcbcdf9626bc03e24f779434178a73a0b4bad62ed'
 '0xe37e799d5077682fa0a244d46e5649f71457bd09']",4,"['0xb01f8f528702d411d24c9bb8cc0e2fff779ec013'
 '0xc36442b4a4522e871399cd717abdd847ab11fe88'
 '0xd9f9770f83cd5c13c22b0d537f549166c1242057'
 '0xeb4af8a64070ef0dea6260e0bf2310748f014d88']"
1213,1,1,['0x6ab3bba2f41e7eaa262fa5a1a9b3932fa161526f'],1,['0xbcd505ccb034da108804238795fb7a89a6fa3df0']
1222,1,1,['0xaaaaaaaaa24eeeb8d57d431224f73832bc34f688'],1,['0x112f54dc832b8f2648ece077aebf290139db2bf2']
1229,2,2,"['0xe0d0cf872c09968f1554730042ee680354dec994'
 '0xe3f235010ca50d76776913009be9a964bb8b4b5e']",2,"['0x53c58e975f3f72162fc0509b9742c9b55e24a599'
 '0xe0d0cf872c09968f1554730042ee680354dec994']"
1231,2,2,"['0xe0d0cf872c09968f1554730042ee680354dec994'
 '0xe3f235010ca50d76776913009be9a964bb8b4b5e']",2,"['0x53c58e975f3f72162fc0509b9742c9b55e24a599'
 '0xe0d0cf872c09968f1554730042ee680354dec994']"
1243,1,1,['0x3fc91a3afd70395cd496c647d5a6cc9d4b2b7fad'],1,['0x37a8f295612602f2774d331e562be9e61b83a327']
1252,1,1,['0xd1669ac6044269b59fa12c5822439f609ca54f41'],1,['0xddfd0263983e272faf45b7d47386d56c31c723d8']
1253,1,1,['0xbb2b8038a1640196fbe3e38816f3e67cba72d940'],1,['0x78dc5c470a0e6b3dbf0d2600710d6439a09d313a']
1273,1,1,['0x6a1ad83d9e5783710349301b826b2e63681fce46'],1,['0x5e809a85aa182a9921edd10a4163745bb3e36284']
1287,1,1,['0x004375dff511095cc5a197a54140a24efef3a416'],1,['0xbb2b8038a1640196fbe3e38816f3e67cba72d940']
1288,3,3,"['0x3fc91a3afd70395cd496c647d5a6cc9d4b2b7fad'
 '0x51c72848c68a965f66fa7a88855f9f7784502a7f'
 '0x77d5f03822f94b39ad6117f6a46761ec5879031b']",2,"['0x37a8f295612602f2774d331e562be9e61b83a327'
 '0x77d5f03822f94b39ad6117f6a46761ec5879031b']"
1299,1,1,['0xceff51756c56ceffca006cd410b03ffc46dd3a58'],1,['0x1645a13326e7179bacbe1bbc6013c2f5a1b63ba7']
1311,1,1,['0x519dbeb1af2ffd177146045f99fa71b3e753e523'],1,['0x37a8f295612602f2774d331e562be9e61b83a327']
1367,1,1,['0x3fc91a3afd70395cd496c647d5a6cc9d4b2b7fad'],1,['0x37a8f295612602f2774d331e562be9e61b83a327']
1370,1,1,['0x3fc91a3afd70395cd496c647d5a6cc9d4b2b7fad'],1,['0x37a8f295612602f2774d331e562be9e61b83a327']
1418,1,1,['0x3fc91a3afd70395cd496c647d5a6cc9d4b2b7fad'],1,['0x37a8f295612602f2774d331e562be9e61b83a327']
1420,2,2,"['0x3fc91a3afd70395cd496c647d5a6cc9d4b2b7fad'
 '0x78a36e74b1189054a0b01ce279ac80b7a9c99311']",2,"['0x37a8f295612602f2774d331e562be9e61b83a327'
 '0x99ac8ca7087fa4a2a1fb6357269965a2014abc35']"
1424,2,2,"['0x01019cd3e62b46029e787d1b5485ca164365ca77'
 '0x74de5d4fcbf63e00296fd95d33236b9794016631']",2,"['0x2acf35c9a3f4c5c3f4c78ef5fb64c3ee82f07c45'
 '0x38f5e5b4da37531a6e85161e337e0238bb27aa90']"
1431,4,4,"['0x4585fe77225b41b697c938b018e2ac67ac5a20c0'
 '0x51c72848c68a965f66fa7a88855f9f7784502a7f'
 '0x77d5f03822f94b39ad6117f6a46761ec5879031b'
 '0xc36442b4a4522e871399cd717abdd847ab11fe88']",4,"['0x37a8f295612602f2774d331e562be9e61b83a327'
 '0x65dcc23d295cafaa5a3eb823bc44b10d54723297'
 '0x77d5f03822f94b39ad6117f6a46761ec5879031b'
 '0xc36442b4a4522e871399cd717abdd847ab11fe88']"
1435,4,4,"['0x701fc985623beae9a83959f2527b3d633a8e302c'
 '0x74de5d4fcbf63e00296fd95d33236b9794016631'
 '0x9c8912b15ac4541a1457ece5a5fc87a51ec3d648'
 '0xe0d0cf872c09968f1554730042ee680354dec994']",4,"['0x53c58e975f3f72162fc0509b9742c9b55e24a599'
 '0x74de5d4fcbf63e00296fd95d33236b9794016631'
 '0xceff51756c56ceffca006cd410b03ffc46dd3a58'
 '0xe0d0cf872c09968f1554730042ee680354dec994']"
1437,2,1,['0x694f850aeaa82fd0fe6810133f65c8215f9e9d64'],1,['0x698373ba1186edb9f9dd8ed46fb69f1580015153']
1439,1,1,['0xa9d1e08c7793af67e9d92fe308d5697fb81d3e43'],1,['0xdbb510afff2f345a8dae00a2fd3560c08bf449e4']
1440,2,2,"['0x0ef6aeb825dc4c9983d551f8afefaae9d79165c6'
 '0xd556e0edf90a115fb3e1ca57edd1d06953222d31']",2,"['0x48938d5b9c5832c33718c5cdb26c3c597a6f4839'
 '0x8c23d8324c1d31c366c2f6f3ec486ae950abeb98']"
1445,3,3,"['0xa7ca2c8673bcfa5a26d8ceec2887f2cc2b0db22a'
 '0xc7b6178a53b20db53a004b4c12065f0677d93725'
 '0xd98e6008c2be593049bcd18302965e3850ab0859']",3,"['0x4585fe77225b41b697c938b018e2ac67ac5a20c0'
 '0xa7ca2c8673bcfa5a26d8ceec2887f2cc2b0db22a'
 '0xbb2b8038a1640196fbe3e38816f3e67cba72d940']"
1446,2,1,['0x694f850aeaa82fd0fe6810133f65c8215f9e9d64'],1,['0x698373ba1186edb9f9dd8ed46fb69f1580015153']
1448,1,1,['0x3fc91a3afd70395cd496c647d5a6cc9d4b2b7fad'],1,['0x37a8f295612602f2774d331e562be9e61b83a327']
1463,2,2,"['0x4498bf2c29b5df1ee720313cc2447cfddefc4e19'
 '0x5f515f6c524b18ca30f7783fb58dd4be2e9904ec']",2,"['0x5f515f6c524b18ca30f7783fb58dd4be2e9904ec'
 '0xbad9ada0e9633ed27fa183dbdeceef76712a6ee1']"
1478,1,1,['0xa9d1e08c7793af67e9d92fe308d5697fb81d3e43'],1,['0xc510a8f65ec7a1fb591832a82ad0f7503056a086']
1484,1,1,['0xa7ca2c8673bcfa5a26d8ceec2887f2cc2b0db22a'],1,['0xeb4af8a64070ef0dea6260e0bf2310748f014d88']
1496,2,2,"['0x00000000009726632680fb29d3f7a9734e3010e2'
 '0xceff51756c56ceffca006cd410b03ffc46dd3a58']",2,"['0x00000000009726632680fb29d3f7a9734e3010e2'
 '0x10463cf59532505a1c375265bbcca9bc4c8080d0']"
1514,1,1,['0x74de5d4fcbf63e00296fd95d33236b9794016631'],1,['0x2acf35c9a3f4c5c3f4c78ef5fb64c3ee82f07c45']
1550,1,1,['0x8bc3702c35d33e5df7cb0f06cb72a0c34ae0c56f'],1,['0xeaa1de6e6c31a4e54196c2b8542410ac7d281a3c']
1553,1,1,['0x004375dff511095cc5a197a54140a24efef3a416'],1,['0xbb2b8038a1640196fbe3e38816f3e67cba72d940']
1556,1,1,['0xff8ba4d1fc3762f6154cc942ccf30049a2a0cec6'],1,['0x37a8f295612602f2774d331e562be9e61b83a327']
1579,2,2,"['0x51c72848c68a965f66fa7a88855f9f7784502a7f'
 '0x77d5f03822f94b39ad6117f6a46761ec5879031b']",2,"['0x37a8f295612602f2774d331e562be9e61b83a327'
 '0x77d5f03822f94b39ad6117f6a46761ec5879031b']"
1582,1,1,['0x51c72848c68a965f66fa7a88855f9f7784502a7f'],1,['0xad30f7eebd9bd5150a256f47da41d4403033cdf0']
1596,1,1,['0x3fc91a3afd70395cd496c647d5a6cc9d4b2b7fad'],1,['0x37a8f295612602f2774d331e562be9e61b83a327']
1609,1,1,['0x6c1a1dc92d6f7fbbbd2888ed9e7e94b09f32c503'],1,['0x37a8f295612602f2774d331e562be9e61b83a327']
1620,1,1,['0x3fc91a3afd70395cd496c647d5a6cc9d4b2b7fad'],1,['0x37a8f295612602f2774d331e562be9e61b83a327']
1653,3,2,"['0x74de5d4fcbf63e00296fd95d33236b9794016631'
 '0xf02553b9f908ab61f4c1fc0af9a488c76f8ecc85']",3,"['0x2acf35c9a3f4c5c3f4c78ef5fb64c3ee82f07c45'
 '0x74de5d4fcbf63e00296fd95d33236b9794016631'
 '0x9c8912b15ac4541a1457ece5a5fc87a51ec3d648']"
1657,2,2,"['0x784178d58b641a4febf8d477a6abd28504273132'
 '0xa9c0cded336699547aac4f9de5a11ada979bc59a']",2,"['0xa751a143f8fe0a108800bfb915585e4255c2fe80'
 '0xa9c0cded336699547aac4f9de5a11ada979bc59a']"
1661,1,1,['0x74de5d4fcbf63e00296fd95d33236b9794016631'],1,['0x2acf35c9a3f4c5c3f4c78ef5fb64c3ee82f07c45']
1666,1,1,['0xf955c57f9ea9dc8781965feae0b6a2ace2bad6f3'],1,['0x480f0d4887ed4f16d2299031dffec90782826269']
1698,1,1,['0x28c6c06298d514db089934071355e5743bf21d60'],1,['0x1a3c268539e1c81c68287d8c06827e0732dc53b0']
1700,1,1,['0xdfd5293d8e347dfe59e90efd55b2956a1343963d'],1,['0x80cfc7a83157d98db8adf0ec457f890008ba5849']
1705,4,4,"['0x1a57c0a9d3cfdc0d4f6b550689d94e0df0bc2d59'
 '0x4585fe77225b41b697c938b018e2ac67ac5a20c0'
 '0xc36442b4a4522e871399cd717abdd847ab11fe88'
 '0xe0d0cf872c09968f1554730042ee680354dec994']",4,"['0x22618019fae62c0e3f23a1410ea3f0b6ff7bda44'
 '0x53c58e975f3f72162fc0509b9742c9b55e24a599'
 '0xc36442b4a4522e871399cd717abdd847ab11fe88'
 '0xe0d0cf872c09968f1554730042ee680354dec994']"
1717,2,1,['0x3fc91a3afd70395cd496c647d5a6cc9d4b2b7fad'],1,['0x37a8f295612602f2774d331e562be9e61b83a327']
1726,1,1,['0x6a04ddf3de778de8d9fc64fcf6fb826b03570738'],1,['0xb609edd5e95102f51ecc2879351f94d28460ee05']
1731,1,1,['0x3fc91a3afd70395cd496c647d5a6cc9d4b2b7fad'],1,['0x37a8f295612602f2774d331e562be9e61b83a327']
1749,1,1,['0x74de5d4fcbf63e00296fd95d33236b9794016631'],1,['0x2acf35c9a3f4c5c3f4c78ef5fb64c3ee82f07c45']
1752,2,2,"['0x74de5d4fcbf63e00296fd95d33236b9794016631'
 '0xbb2b8038a1640196fbe3e38816f3e67cba72d940']",2,"['0x1a57c0a9d3cfdc0d4f6b550689d94e0df0bc2d59'
 '0x74de5d4fcbf63e00296fd95d33236b9794016631']"
1763,4,4,"['0x0eab5f6c89322428da8f67a83e0a6adffa3d372e'
 '0x3fc91a3afd70395cd496c647d5a6cc9d4b2b7fad'
 '0xc36442b4a4522e871399cd717abdd847ab11fe88'
 '0xcbcdf9626bc03e24f779434178a73a0b4bad62ed']",4,"['0x1113db6080ea2b9f92b2e9937ea712b3d730b3f1'
 '0x37a8f295612602f2774d331e562be9e61b83a327'
 '0xc36442b4a4522e871399cd717abdd847ab11fe88'
 '0xcf168e30832357f579e3b4f73b7764e97745db5b']"
1766,2,1,['0x3fc91a3afd70395cd496c647d5a6cc9d4b2b7fad'],1,['0x37a8f295612602f2774d331e562be9e61b83a327']
1775,1,1,['0x58edf78281334335effa23101bbe3371b6a36a51'],1,['0xa1c382b0b360b92bcf378e71bccfee181d58ee0e']
1780,11,11,"['0x04e92ef8415004bde718edb5a6a4fed42568b163'
 '0x1c4b8e5301ac67816fe692fb9947208c99d21d7a'
 '0x28c6c06298d514db089934071355e5743bf21d60'
 '0x35c246db2c62ac97e493bc39ca3c1a0be291236b'
 '0x3c2fb96466221a208ded6cea42c557f7b28b530a'
 '0x5c6439d437f588900e445d797903124e3d8cb379'
 '0xa5afcc3fe3e70c6c84b5a761e334103b066b87df'
 '0xbb93c05475801333c1f667871cb6161a76bd62ac'
 '0xbe818a0e49ba27c8980bcc44e714fe63383d3653'
 '0xe0d0cf872c09968f1554730042ee680354dec994'
 '0xfebbed7cf1c4fcb136433d075f35f2513a7a609f']",11,"['0x15b8316cd42bed91218b3c431777fbe7654fb7df'
 '0x17f34e5614fd940d523225877447c290d2661683'
 '0x35c246db2c62ac97e493bc39ca3c1a0be291236b'
 '0x465bde8873035ef9a33551a6587f959b56acd14c'
 '0x53c58e975f3f72162fc0509b9742c9b55e24a599'
 '0x62222b161394bdd7b268071fde21e34aad267497'
 '0x7059ff17c8447fd3cee1dc8f1f61d70fa1d507cf'
 '0xa107c9233527cffc6b43f57e22852878bc6391f8'
 '0xc1f7c2d21195babbab3903bb93214af1b9445fbd'
 '0xe0d0cf872c09968f1554730042ee680354dec994'
 '0xfea88be3d9866e445b34705e37912381477d43dd']"
1782,1,1,['0x3fc91a3afd70395cd496c647d5a6cc9d4b2b7fad'],1,['0x37a8f295612602f2774d331e562be9e61b83a327']
1788,1,1,['0x543017cd4828a626620abca137edb58c635f45d6'],1,['0x5a8a7e2d2d66cccbe0591fa2f2ca8a9f57ebe89a']
1790,1,1,['0x51c72848c68a965f66fa7a88855f9f7784502a7f'],1,['0xad30f7eebd9bd5150a256f47da41d4403033cdf0']
1806,2,2,"['0x3fc91a3afd70395cd496c647d5a6cc9d4b2b7fad'
 '0x42b46ee2d1f35a9625d47d5a066cc2c1b81ae4c3']",2,"['0x0e3507bfa56dc090e7b39696410800760da8ea76'
 '0x37a8f295612602f2774d331e562be9e61b83a327']"
1821,2,2,"['0x74de5d4fcbf63e00296fd95d33236b9794016631'
 '0xfcbd63f587b1236f36ca99bc726db83be6f4e87a']",2,"['0x74de5d4fcbf63e00296fd95d33236b9794016631'
 '0xf02553b9f908ab61f4c1fc0af9a488c76f8ecc85']"
1846,3,3,"['0x51c72848c68a965f66fa7a88855f9f7784502a7f'
 '0x77d5f03822f94b39ad6117f6a46761ec5879031b'
 '0xdef171fe48cf0115b1d80b88dc8eab59176fee57']",3,"['0x37a8f295612602f2774d331e562be9e61b83a327'
 '0x77d5f03822f94b39ad6117f6a46761ec5879031b'
 '0xd5b927956057075377263aab7f8afc12f85100db']"
1857,1,1,['0x004375dff511095cc5a197a54140a24efef3a416'],1,['0xbb2b8038a1640196fbe3e38816f3e67cba72d940']
1872,1,1,['0x21a31ee1afc51d94c2efccaa2092ad1028285549'],1,['0xacaff8a450dd84c40124b4d5e145d222c3792612']
1898,1,1,['0x004375dff511095cc5a197a54140a24efef3a416'],1,['0xbb2b8038a1640196fbe3e38816f3e67cba72d940']
1921,1,1,['0x004375dff511095cc5a197a54140a24efef3a416'],1,['0xbb2b8038a1640196fbe3e38816f3e67cba72d940']
1925,1,1,['0x3fc91a3afd70395cd496c647d5a6cc9d4b2b7fad'],1,['0x37a8f295612602f2774d331e562be9e61b83a327']
1928,1,1,['0x02e7b8511831b1b02d9018215a0f8f500ea5c6b3'],1,['0x5ee5bf7ae06d1be5997a1a72006fe6c607ec6de8']
1937,1,1,['0x004375dff511095cc5a197a54140a24efef3a416'],1,['0xbb2b8038a1640196fbe3e38816f3e67cba72d940']
1944,1,1,['0x02e7b8511831b1b02d9018215a0f8f500ea5c6b3'],1,['0x5ee5bf7ae06d1be5997a1a72006fe6c607ec6de8']
1959,2,1,['0x3fc91a3afd70395cd496c647d5a6cc9d4b2b7fad'],1,['0x37a8f295612602f2774d331e562be9e61b83a327']
1966,1,1,['0x0ef6aeb825dc4c9983d551f8afefaae9d79165c6'],1,['0x43db7ed667b5019cc5c9117d727eaff485d35eca']
1979,1,1,['0x0ef6aeb825dc4c9983d551f8afefaae9d79165c6'],1,['0x43db7ed667b5019cc5c9117d727eaff485d35eca']
1987,3,3,"['0x22f9dcf4647084d6c31b2765f6910cd85c178c18'
 '0xa85f583f7dd27f6df92bd7b1f5e0fd0001a2b99c'
 '0xeeb502178df48a21d17929a0a1c9368a9c6ddd77']",3,"['0x004375dff511095cc5a197a54140a24efef3a416'
 '0x22f9dcf4647084d6c31b2765f6910cd85c178c18'
 '0xa85f583f7dd27f6df92bd7b1f5e0fd0001a2b99c']"
1991,1,1,['0x74de5d4fcbf63e00296fd95d33236b9794016631'],1,['0x2acf35c9a3f4c5c3f4c78ef5fb64c3ee82f07c45']
2008,1,1,['0x004375dff511095cc5a197a54140a24efef3a416'],1,['0xbb2b8038a1640196fbe3e38816f3e67cba72d940']
2015,2,2,"['0x51c72848c68a965f66fa7a88855f9f7784502a7f'
 '0x77d5f03822f94b39ad6117f6a46761ec5879031b']",2,"['0x37a8f295612602f2774d331e562be9e61b83a327'
 '0x77d5f03822f94b39ad6117f6a46761ec5879031b']"
2019,1,1,['0x21a31ee1afc51d94c2efccaa2092ad1028285549'],1,['0xacaff8a450dd84c40124b4d5e145d222c3792612']
2030,3,3,"['0x163bfbd7f757a1eb159fbd50ca2f9a574014b0bd'
 '0xf081470f5c6fbccf48cc4e5b82dd926409dcdd67'
 '0xfa88f40db0e9c546548ccf8722ad921c8dda364e']",3,"['0x9a772018fbd77fcd2d25657e5c547baff3fd7d16'
 '0xaf2358e98683265cbd3a48509123d390ddf54534'
 '0xf081470f5c6fbccf48cc4e5b82dd926409dcdd67']"
2069,1,1,['0x44943241f6491d5f3fd833788ade6941967cb9e2'],1,['0x89af492cdadb8e23ac61ee65aa49675b98171b05']
2079,2,1,['0x231b7589426ffe1b75405526fc32ac09d44364c4'],1,['0xbb2b8038a1640196fbe3e38816f3e67cba72d940']
2081,3,3,"['0x3fc91a3afd70395cd496c647d5a6cc9d4b2b7fad'
 '0xf081470f5c6fbccf48cc4e5b82dd926409dcdd67'
 '0xf7c9a45b6c6f64dbdcf7260557a0b1474d5c4c39']",3,"['0x0de0fa91b6dbab8c8503aaa2d1dfa91a192cb149'
 '0x37a8f295612602f2774d331e562be9e61b83a327'
 '0xf081470f5c6fbccf48cc4e5b82dd926409dcdd67']"
2098,1,1,['0x3fc91a3afd70395cd496c647d5a6cc9d4b2b7fad'],1,['0x37a8f295612602f2774d331e562be9e61b83a327']
2154,1,1,['0x3fc91a3afd70395cd496c647d5a6cc9d4b2b7fad'],1,['0x37a8f295612602f2774d331e562be9e61b83a327']
2197,2,2,"['0x2bffb0290fe686409bdb0e991e0b0bf91c046cbc'
 '0xbb2b8038a1640196fbe3e38816f3e67cba72d940']",2,"['0x2bffb0290fe686409bdb0e991e0b0bf91c046cbc'
 '0xfa88f40db0e9c546548ccf8722ad921c8dda364e']"
2201,1,1,['0x3fc91a3afd70395cd496c647d5a6cc9d4b2b7fad'],1,['0x37a8f295612602f2774d331e562be9e61b83a327']
2225,1,1,['0x74de5d4fcbf63e00296fd95d33236b9794016631'],1,['0x2acf35c9a3f4c5c3f4c78ef5fb64c3ee82f07c45']
2235,1,1,['0xcbcdf9626bc03e24f779434178a73a0b4bad62ed'],1,['0xceff51756c56ceffca006cd410b03ffc46dd3a58']
2277,4,4,"['0x74de5d4fcbf63e00296fd95d33236b9794016631'
 '0x8627344d30e6e449653056bf7b55f80386443e99'
 '0xceff51756c56ceffca006cd410b03ffc46dd3a58'
 '0xe0d0cf872c09968f1554730042ee680354dec994']",4,"['0x53c58e975f3f72162fc0509b9742c9b55e24a599'
 '0x74de5d4fcbf63e00296fd95d33236b9794016631'
 '0x8627344d30e6e449653056bf7b55f80386443e99'
 '0xe0d0cf872c09968f1554730042ee680354dec994']"
2279,1,1,['0x3fc91a3afd70395cd496c647d5a6cc9d4b2b7fad'],1,['0x37a8f295612602f2774d331e562be9e61b83a327']
2284,1,1,['0xff8ba4d1fc3762f6154cc942ccf30049a2a0cec6'],1,['0x37a8f295612602f2774d331e562be9e61b83a327']
2319,2,2,"['0x6775f5685a6eece5a3c2ce5b25a913ae38a48e8b'
 '0xe0d0cf872c09968f1554730042ee680354dec994']",2,"['0x53c58e975f3f72162fc0509b9742c9b55e24a599'
 '0xe0d0cf872c09968f1554730042ee680354dec994']"
2337,2,2,"['0x22f9dcf4647084d6c31b2765f6910cd85c178c18'
 '0x3fc91a3afd70395cd496c647d5a6cc9d4b2b7fad']",2,"['0x37a8f295612602f2774d331e562be9e61b83a327'
 '0xad01c20d5886137e056775af56915de824c8fce5']"
2352,2,2,"['0x3fc91a3afd70395cd496c647d5a6cc9d4b2b7fad'
 '0x74de5d4fcbf63e00296fd95d33236b9794016631']",2,"['0x2acf35c9a3f4c5c3f4c78ef5fb64c3ee82f07c45'
 '0x37a8f295612602f2774d331e562be9e61b83a327']"
2370,2,2,"['0x74de5d4fcbf63e00296fd95d33236b9794016631'
 '0xa9c0cded336699547aac4f9de5a11ada979bc59a']",2,"['0x2acf35c9a3f4c5c3f4c78ef5fb64c3ee82f07c45'
 '0x353c1f0bc78fbbc245b3c93ef77b1dcc5b77d2a0']"
2385,1,1,['0x0de0fa91b6dbab8c8503aaa2d1dfa91a192cb149'],1,['0xbb2b8038a1640196fbe3e38816f3e67cba72d940']
2405,1,1,['0x74de5d4fcbf63e00296fd95d33236b9794016631'],1,['0x2acf35c9a3f4c5c3f4c78ef5fb64c3ee82f07c45']
2432,2,2,"['0xd8e82e2ead74168b71e69af5f9f718f3585ce6ab'
 '0xe0d0cf872c09968f1554730042ee680354dec994']",2,"['0x53c58e975f3f72162fc0509b9742c9b55e24a599'
 '0xe0d0cf872c09968f1554730042ee680354dec994']"
2443,1,1,['0x0de0fa91b6dbab8c8503aaa2d1dfa91a192cb149'],1,['0xbb2b8038a1640196fbe3e38816f3e67cba72d940']
2451,1,1,['0x74de5d4fcbf63e00296fd95d33236b9794016631'],1,['0x2acf35c9a3f4c5c3f4c78ef5fb64c3ee82f07c45']
2469,1,1,['0x74de5d4fcbf63e00296fd95d33236b9794016631'],1,['0x2acf35c9a3f4c5c3f4c78ef5fb64c3ee82f07c45']
2475,1,1,['0x74de5d4fcbf63e00296fd95d33236b9794016631'],1,['0x2acf35c9a3f4c5c3f4c78ef5fb64c3ee82f07c45']
2501,1,1,['0xe37e799d5077682fa0a244d46e5649f71457bd09'],1,['0xc566940cf6ddbf6836185a6ba9edf2c00e84d362']
2514,2,2,"['0x9a3b97906617cd23756604a1d6d5c69406016bb1'
 '0xe0d0cf872c09968f1554730042ee680354dec994']",2,"['0x53c58e975f3f72162fc0509b9742c9b55e24a599'
 '0xe0d0cf872c09968f1554730042ee680354dec994']"
2531,1,1,['0x1622f1bef90233a6993f3bc85759adf5b9d9d7b9'],1,['0x913b7d91e019402233d2f75863133925ce658cd9']
2622,1,1,['0xff8ba4d1fc3762f6154cc942ccf30049a2a0cec6'],1,['0x37a8f295612602f2774d331e562be9e61b83a327']
2626,1,1,['0xc186fa914353c44b2e33ebe05f21846f1048beda'],1,['0x40ec5b33f54e0e8a33a975908c5ba1c14e5bbbdf']
2628,1,1,['0xc186fa914353c44b2e33ebe05f21846f1048beda'],1,['0x40ec5b33f54e0e8a33a975908c5ba1c14e5bbbdf']
2640,1,1,['0x74de5d4fcbf63e00296fd95d33236b9794016631'],1,['0x2acf35c9a3f4c5c3f4c78ef5fb64c3ee82f07c45']
2657,2,2,"['0x51c72848c68a965f66fa7a88855f9f7784502a7f'
 '0x77d5f03822f94b39ad6117f6a46761ec5879031b']",2,"['0x37a8f295612602f2774d331e562be9e61b83a327'
 '0x77d5f03822f94b39ad6117f6a46761ec5879031b']"
2668,1,1,['0x74de5d4fcbf63e00296fd95d33236b9794016631'],1,['0x2acf35c9a3f4c5c3f4c78ef5fb64c3ee82f07c45']
2704,2,2,"['0x3fc91a3afd70395cd496c647d5a6cc9d4b2b7fad'
 '0x4585fe77225b41b697c938b018e2ac67ac5a20c0']",2,"['0x3fc91a3afd70395cd496c647d5a6cc9d4b2b7fad'
 '0xb2f0d22c03622a9254836d6d5b6b233a4ad41741']"
2708,1,1,['0x3fc91a3afd70395cd496c647d5a6cc9d4b2b7fad'],1,['0x37a8f295612602f2774d331e562be9e61b83a327']
2713,1,1,['0x29535491acfd3d8e2fc837fe7ca109b11c40c883'],1,['0x2f13d388b85e0ecd32e7c3d7f36d1053354ef104']
2714,1,1,['0x0e464efa2a2d1ddea113ded88a6a2b7b380c1cfe'],1,['0x64fa9ef54bad5e4bd10cab57cbe6123203e6d384']
2716,3,3,"['0x3fc91a3afd70395cd496c647d5a6cc9d4b2b7fad'
 '0xc36442b4a4522e871399cd717abdd847ab11fe88'
 '0xcbcdf9626bc03e24f779434178a73a0b4bad62ed']",3,"['0x37a8f295612602f2774d331e562be9e61b83a327'
 '0xc36442b4a4522e871399cd717abdd847ab11fe88'
 '0xfcfc9d90eb596eb1e17b6905b4748591da87cd4c']"
2724,2,2,"['0xf0d4c12a5768d806021f80a262b4d39d26c58b8d'
 '0xf5f5b97624542d72a9e06f04804bf81baa15e2b4']",2,"['0x7a16ff8270133f063aab6c9977183d9e72835428'
 '0xf0d4c12a5768d806021f80a262b4d39d26c58b8d']"
2729,1,1,['0x28c6c06298d514db089934071355e5743bf21d60'],1,['0xf9e68fd9ffbc5ef52a4fb78a89f2ef36afe56e61']
2736,2,2,"['0xf0d4c12a5768d806021f80a262b4d39d26c58b8d'
 '0xf5f5b97624542d72a9e06f04804bf81baa15e2b4']",2,"['0x7a16ff8270133f063aab6c9977183d9e72835428'
 '0xf0d4c12a5768d806021f80a262b4d39d26c58b8d']"
2737,1,1,['0x74de5d4fcbf63e00296fd95d33236b9794016631'],1,['0x2acf35c9a3f4c5c3f4c78ef5fb64c3ee82f07c45']
2740,3,3,"['0x74de5d4fcbf63e00296fd95d33236b9794016631'
 '0xbb2b8038a1640196fbe3e38816f3e67cba72d940'
 '0xef608497df0f4c8bea4dcacf11b712a646f49fba']",3,"['0x74de5d4fcbf63e00296fd95d33236b9794016631'
 '0x75d50b5eee03cf11adcacc41c320cd99911677d4'
 '0xf0bca60b0ad246a1a3c9a598e5fdcd5e39da6848']"
2743,2,2,"['0xf0d4c12a5768d806021f80a262b4d39d26c58b8d'
 '0xf5f5b97624542d72a9e06f04804bf81baa15e2b4']",2,"['0x7a16ff8270133f063aab6c9977183d9e72835428'
 '0xf0d4c12a5768d806021f80a262b4d39d26c58b8d']"
2745,2,2,"['0x3fc91a3afd70395cd496c647d5a6cc9d4b2b7fad'
 '0x6c1a1dc92d6f7fbbbd2888ed9e7e94b09f32c503']",1,['0x37a8f295612602f2774d331e562be9e61b83a327']
2756,3,3,"['0x51c72848c68a965f66fa7a88855f9f7784502a7f'
 '0x74de5d4fcbf63e00296fd95d33236b9794016631'
 '0x77d5f03822f94b39ad6117f6a46761ec5879031b']",3,"['0x2acf35c9a3f4c5c3f4c78ef5fb64c3ee82f07c45'
 '0x37a8f295612602f2774d331e562be9e61b83a327'
 '0x77d5f03822f94b39ad6117f6a46761ec5879031b']"
2760,1,1,['0xceff51756c56ceffca006cd410b03ffc46dd3a58'],1,['0x7835cb043e8d53a5b361d489956d6c30808349da']
2771,1,1,['0x231b7589426ffe1b75405526fc32ac09d44364c4'],1,['0x85a9e96da1aa2a8870fb18889e6db461861af067']
2774,1,1,['0x4d2f5cfba55ae412221182d8475bc85799a5644b'],1,['0x2e4405dc1317e7d1cbfdb0b2073d3662b5da13db']
2781,1,1,['0xc0425fa2ec5f2ff34aa73679a8a853684e7b68dc'],1,['0x987db069f27184e861f08bd3a7429e175458c25d']
2787,1,1,['0xceff51756c56ceffca006cd410b03ffc46dd3a58'],1,['0x7835cb043e8d53a5b361d489956d6c30808349da']
2788,1,1,['0x74de5d4fcbf63e00296fd95d33236b9794016631'],1,['0x2acf35c9a3f4c5c3f4c78ef5fb64c3ee82f07c45']
2790,1,1,['0x6c1a1dc92d6f7fbbbd2888ed9e7e94b09f32c503'],1,['0x37a8f295612602f2774d331e562be9e61b83a327']
2797,1,1,['0x74de5d4fcbf63e00296fd95d33236b9794016631'],1,['0x2acf35c9a3f4c5c3f4c78ef5fb64c3ee82f07c45']
2809,3,3,"['0x3fc91a3afd70395cd496c647d5a6cc9d4b2b7fad'
 '0x51c72848c68a965f66fa7a88855f9f7784502a7f'
 '0x77d5f03822f94b39ad6117f6a46761ec5879031b']",2,"['0x37a8f295612602f2774d331e562be9e61b83a327'
 '0x77d5f03822f94b39ad6117f6a46761ec5879031b']"
2813,1,1,['0x3fc91a3afd70395cd496c647d5a6cc9d4b2b7fad'],1,['0x37a8f295612602f2774d331e562be9e61b83a327']
2819,2,1,['0x74de5d4fcbf63e00296fd95d33236b9794016631'],1,['0x2acf35c9a3f4c5c3f4c78ef5fb64c3ee82f07c45']
2843,2,2,"['0x3fc91a3afd70395cd496c647d5a6cc9d4b2b7fad'
 '0x4585fe77225b41b697c938b018e2ac67ac5a20c0']",2,"['0x39ac88d901b3f796c759e5ced22785d08bd1615d'
 '0x3fc91a3afd70395cd496c647d5a6cc9d4b2b7fad']"
2844,2,2,"['0x2cb197409ae65b344a611e2ab99a0e864ef28d4c'
 '0xbfbbe9d3aa05aa3092fb487399918415a69701f8']",2,"['0x4585fe77225b41b697c938b018e2ac67ac5a20c0'
 '0x720ec6f28fea523607982680074ef6c112b5c62a']"
2860,1,1,['0xbfbbe9d3aa05aa3092fb487399918415a69701f8'],1,['0x4585fe77225b41b697c938b018e2ac67ac5a20c0']
2866,1,1,['0x58edf78281334335effa23101bbe3371b6a36a51'],1,['0xa1c382b0b360b92bcf378e71bccfee181d58ee0e']
2871,1,1,['0x74de5d4fcbf63e00296fd95d33236b9794016631'],1,['0x2acf35c9a3f4c5c3f4c78ef5fb64c3ee82f07c45']
2879,1,1,['0x58edf78281334335effa23101bbe3371b6a36a51'],1,['0xa1c382b0b360b92bcf378e71bccfee181d58ee0e']
2889,2,2,"['0x3fc91a3afd70395cd496c647d5a6cc9d4b2b7fad'
 '0x6c1a1dc92d6f7fbbbd2888ed9e7e94b09f32c503']",1,['0x37a8f295612602f2774d331e562be9e61b83a327']
2896,1,1,['0x74de5d4fcbf63e00296fd95d33236b9794016631'],1,['0x2acf35c9a3f4c5c3f4c78ef5fb64c3ee82f07c45']
2897,2,2,"['0x3fc91a3afd70395cd496c647d5a6cc9d4b2b7fad'
 '0x6c1a1dc92d6f7fbbbd2888ed9e7e94b09f32c503']",1,['0x37a8f295612602f2774d331e562be9e61b83a327']
2911,1,1,['0x51c72848c68a965f66fa7a88855f9f7784502a7f'],1,['0xad30f7eebd9bd5150a256f47da41d4403033cdf0']
2950,1,1,['0x48c04ed5691981c42154c6167398f95e8f38a7ff'],1,['0xc6d8019fbefb9e2cc1dedb1c9208febe691e1e1a']
2968,1,1,['0x1231deb6f5749ef6ce6943a275a1d3e7486f4eae'],1,['0xbd6c7b0d2f68c2b7805d88388319cfb6ecb50ea9']
2985,2,2,"['0x3fc91a3afd70395cd496c647d5a6cc9d4b2b7fad'
 '0x54346d39976629b65ba54eac1c9ef0af3be1921b']",2,"['0x37a8f295612602f2774d331e562be9e61b83a327'
 '0xe1633214c729a6a988832b3ce930b0179e484d20']"
2987,1,1,['0xe37e799d5077682fa0a244d46e5649f71457bd09'],1,['0xb4f34d09124b8c9712957b76707b42510041ecbb']
3004,2,2,"['0x3fc91a3afd70395cd496c647d5a6cc9d4b2b7fad'
 '0x54346d39976629b65ba54eac1c9ef0af3be1921b']",2,"['0x37a8f295612602f2774d331e562be9e61b83a327'
 '0xe1633214c729a6a988832b3ce930b0179e484d20']"
3057,1,1,['0x3fc91a3afd70395cd496c647d5a6cc9d4b2b7fad'],1,['0x37a8f295612602f2774d331e562be9e61b83a327']
3061,2,2,"['0x74de5d4fcbf63e00296fd95d33236b9794016631'
 '0xa9c0cded336699547aac4f9de5a11ada979bc59a']",2,"['0x2acf35c9a3f4c5c3f4c78ef5fb64c3ee82f07c45'
 '0x353c1f0bc78fbbc245b3c93ef77b1dcc5b77d2a0']"
3074,1,1,['0x3fc91a3afd70395cd496c647d5a6cc9d4b2b7fad'],1,['0x37a8f295612602f2774d331e562be9e61b83a327']
3097,2,2,"['0x3a23f943181408eac424116af7b7790c94cb97a5'
 '0xbb2b8038a1640196fbe3e38816f3e67cba72d940']",2,"['0x3a23f943181408eac424116af7b7790c94cb97a5'
 '0x5c7bcd6e7de5423a257d81b442095a1a6ced35c5']"
3153,1,1,['0x3fc91a3afd70395cd496c647d5a6cc9d4b2b7fad'],1,['0x37a8f295612602f2774d331e562be9e61b83a327']
3154,1,1,['0x3fc91a3afd70395cd496c647d5a6cc9d4b2b7fad'],1,['0x37a8f295612602f2774d331e562be9e61b83a327']
3161,1,1,['0x3fc91a3afd70395cd496c647d5a6cc9d4b2b7fad'],1,['0x37a8f295612602f2774d331e562be9e61b83a327']
3178,1,1,['0x3fc91a3afd70395cd496c647d5a6cc9d4b2b7fad'],1,['0x37a8f295612602f2774d331e562be9e61b83a327']
3197,2,2,"['0x56534741cd8b152df6d48adf7ac51f75169a83b2'
 '0xe592427a0aece92de3edee1f18e0157c05861564']",2,"['0x4585fe77225b41b697c938b018e2ac67ac5a20c0'
 '0xe592427a0aece92de3edee1f18e0157c05861564']"
3199,1,1,['0x3fc91a3afd70395cd496c647d5a6cc9d4b2b7fad'],1,['0x37a8f295612602f2774d331e562be9e61b83a327']
3204,1,1,['0x3fc91a3afd70395cd496c647d5a6cc9d4b2b7fad'],1,['0x37a8f295612602f2774d331e562be9e61b83a327']
3230,1,1,['0x3fc91a3afd70395cd496c647d5a6cc9d4b2b7fad'],1,['0x37a8f295612602f2774d331e562be9e61b83a327']
3252,1,1,['0x74de5d4fcbf63e00296fd95d33236b9794016631'],1,['0x2acf35c9a3f4c5c3f4c78ef5fb64c3ee82f07c45']
3285,1,1,['0x7321ac264b89254ea749a0657d41a9a2ebf8e3da'],1,['0x37a8f295612602f2774d331e562be9e61b83a327']
3288,2,2,"['0x3fc91a3afd70395cd496c647d5a6cc9d4b2b7fad'
 '0xe2b6601667f0a6bd9f68441e2e0b81e4fcfbb2eb']",1,['0x37a8f295612602f2774d331e562be9e61b83a327']
3302,1,1,['0xccf4429db6322d5c611ee964527d42e5d685dd6a'],1,['0x5d9dd01e9360ed092073ef0b5dbc0dcac11dce78']
3317,1,1,['0xa9f00c00ea5fd167da64917267e60f9d9430b321'],1,['0xe71c6541a4e3dfb9fac9ec40d09d6ade9dc972bb']
3331,1,1,['0x1622f1bef90233a6993f3bc85759adf5b9d9d7b9'],1,['0x913b7d91e019402233d2f75863133925ce658cd9']
3333,1,1,['0x1622f1bef90233a6993f3bc85759adf5b9d9d7b9'],1,['0x913b7d91e019402233d2f75863133925ce658cd9']
3340,1,1,['0x74de5d4fcbf63e00296fd95d33236b9794016631'],1,['0x2acf35c9a3f4c5c3f4c78ef5fb64c3ee82f07c45']
3353,1,1,['0x74de5d4fcbf63e00296fd95d33236b9794016631'],1,['0x2acf35c9a3f4c5c3f4c78ef5fb64c3ee82f07c45']
3359,1,1,['0x6c1a1dc92d6f7fbbbd2888ed9e7e94b09f32c503'],1,['0x37a8f295612602f2774d331e562be9e61b83a327']
3381,1,1,['0x6c1a1dc92d6f7fbbbd2888ed9e7e94b09f32c503'],1,['0x37a8f295612602f2774d331e562be9e61b83a327']
3393,1,1,['0x74de5d4fcbf63e00296fd95d33236b9794016631'],1,['0x2acf35c9a3f4c5c3f4c78ef5fb64c3ee82f07c45']
3411,1,1,['0xc186fa914353c44b2e33ebe05f21846f1048beda'],1,['0x40ec5b33f54e0e8a33a975908c5ba1c14e5bbbdf']
3414,1,1,['0x74de5d4fcbf63e00296fd95d33236b9794016631'],1,['0x2acf35c9a3f4c5c3f4c78ef5fb64c3ee82f07c45']
3425,1,1,['0x74de5d4fcbf63e00296fd95d33236b9794016631'],1,['0x2acf35c9a3f4c5c3f4c78ef5fb64c3ee82f07c45']
3436,1,1,['0x74de5d4fcbf63e00296fd95d33236b9794016631'],1,['0x2acf35c9a3f4c5c3f4c78ef5fb64c3ee82f07c45']
3445,1,1,['0xe37e799d5077682fa0a244d46e5649f71457bd09'],1,['0xc566940cf6ddbf6836185a6ba9edf2c00e84d362']
3447,1,1,['0x74de5d4fcbf63e00296fd95d33236b9794016631'],1,['0x2acf35c9a3f4c5c3f4c78ef5fb64c3ee82f07c45']
3467,1,1,['0x74de5d4fcbf63e00296fd95d33236b9794016631'],1,['0x2acf35c9a3f4c5c3f4c78ef5fb64c3ee82f07c45']
3486,1,1,['0x6c1a1dc92d6f7fbbbd2888ed9e7e94b09f32c503'],1,['0x37a8f295612602f2774d331e562be9e61b83a327']
3488,1,1,['0x74de5d4fcbf63e00296fd95d33236b9794016631'],1,['0x2acf35c9a3f4c5c3f4c78ef5fb64c3ee82f07c45']
3550,1,1,['0x92160bda3f48f6a72e399040c1592e47ed4b5eda'],1,['0xf3b0073e3a7f747c7a38b36b805247b222c302a3']
3563,1,1,['0x4585fe77225b41b697c938b018e2ac67ac5a20c0'],1,['0x97680d281618bdcea3bd6320c2330d8e93b37ec8']
3565,1,1,['0xcf4f2e3be1c6ced5aeb3199df1ffdb30f5bce9ac'],1,['0x9db9e0e53058c89e5b94e29621a205198648425b']
3571,1,1,['0x74de5d4fcbf63e00296fd95d33236b9794016631'],1,['0x2acf35c9a3f4c5c3f4c78ef5fb64c3ee82f07c45']
3573,3,3,"['0x4f15818dc2ae5fa84d519d88cb2caae9cd18ee6d'
 '0x56534741cd8b152df6d48adf7ac51f75169a83b2'
 '0xe592427a0aece92de3edee1f18e0157c05861564']",3,"['0x4585fe77225b41b697c938b018e2ac67ac5a20c0'
 '0x638b9024903d27a586562063f2ad43e9011c3a13'
 '0xe592427a0aece92de3edee1f18e0157c05861564']"
3581,2,2,"['0x51c72848c68a965f66fa7a88855f9f7784502a7f'
 '0x77d5f03822f94b39ad6117f6a46761ec5879031b']",2,"['0x37a8f295612602f2774d331e562be9e61b83a327'
 '0x77d5f03822f94b39ad6117f6a46761ec5879031b']"
3592,1,1,['0x74de5d4fcbf63e00296fd95d33236b9794016631'],1,['0x2acf35c9a3f4c5c3f4c78ef5fb64c3ee82f07c45']
3601,1,1,['0x28c6c06298d514db089934071355e5743bf21d60'],1,['0x3828b4e4b20dec0ca16b620272bcc1a032407f49']
3625,1,1,['0x74de5d4fcbf63e00296fd95d33236b9794016631'],1,['0x2acf35c9a3f4c5c3f4c78ef5fb64c3ee82f07c45']
3627,3,2,"['0x74de5d4fcbf63e00296fd95d33236b9794016631'
 '0xf02553b9f908ab61f4c1fc0af9a488c76f8ecc85']",3,"['0x2acf35c9a3f4c5c3f4c78ef5fb64c3ee82f07c45'
 '0x74de5d4fcbf63e00296fd95d33236b9794016631'
 '0x9c8912b15ac4541a1457ece5a5fc87a51ec3d648']"
3631,1,1,['0xf89d7b9c864f589bbf53a82105107622b35eaa40'],1,['0x9aa52467a2a9834e7e13f1fdde4df65bbb56d201']
3641,1,1,['0x98b77f44c236418aa20c2009ba1ba88655df687f'],1,['0x25ab3efd52e6470681ce037cd546dc60726948d3']
3652,4,4,"['0x74de5d4fcbf63e00296fd95d33236b9794016631'
 '0xceff51756c56ceffca006cd410b03ffc46dd3a58'
 '0xe0d0cf872c09968f1554730042ee680354dec994'
 '0xff446d6c242ecf365da6efc45e0abee0975299bf']",4,"['0x53c58e975f3f72162fc0509b9742c9b55e24a599'
 '0x74de5d4fcbf63e00296fd95d33236b9794016631'
 '0xe0d0cf872c09968f1554730042ee680354dec994'
 '0xff446d6c242ecf365da6efc45e0abee0975299bf']"
3653,1,1,['0xe37e799d5077682fa0a244d46e5649f71457bd09'],1,['0xacf98af36845ec9aeda29feed2907ea287388cf3']
3662,2,2,"['0x51c72848c68a965f66fa7a88855f9f7784502a7f'
 '0x77d5f03822f94b39ad6117f6a46761ec5879031b']",2,"['0x37a8f295612602f2774d331e562be9e61b83a327'
 '0x77d5f03822f94b39ad6117f6a46761ec5879031b']"
3683,1,1,['0xff8ba4d1fc3762f6154cc942ccf30049a2a0cec6'],1,['0x37a8f295612602f2774d331e562be9e61b83a327']
3709,1,1,['0xdef171fe48cf0115b1d80b88dc8eab59176fee57'],1,['0xef13101c5bbd737cfb2bf00bbd38c626ad6952f7']
3719,1,1,['0xa7ca2c8673bcfa5a26d8ceec2887f2cc2b0db22a'],1,['0xeb4af8a64070ef0dea6260e0bf2310748f014d88']
3727,1,1,['0x3fc91a3afd70395cd496c647d5a6cc9d4b2b7fad'],1,['0x37a8f295612602f2774d331e562be9e61b83a327']
3734,1,1,['0x22f9dcf4647084d6c31b2765f6910cd85c178c18'],1,['0xad01c20d5886137e056775af56915de824c8fce5']
3759,1,1,['0x74de5d4fcbf63e00296fd95d33236b9794016631'],1,['0x2acf35c9a3f4c5c3f4c78ef5fb64c3ee82f07c45']
3761,1,1,['0x51c72848c68a965f66fa7a88855f9f7784502a7f'],1,['0xad30f7eebd9bd5150a256f47da41d4403033cdf0']
3769,1,1,['0x74de5d4fcbf63e00296fd95d33236b9794016631'],1,['0x2acf35c9a3f4c5c3f4c78ef5fb64c3ee82f07c45']
3773,1,1,['0x51c72848c68a965f66fa7a88855f9f7784502a7f'],1,['0xad30f7eebd9bd5150a256f47da41d4403033cdf0']
3789,1,1,['0x74de5d4fcbf63e00296fd95d33236b9794016631'],1,['0x2acf35c9a3f4c5c3f4c78ef5fb64c3ee82f07c45']
3790,1,1,['0x74de5d4fcbf63e00296fd95d33236b9794016631'],1,['0x2acf35c9a3f4c5c3f4c78ef5fb64c3ee82f07c45']
3794,1,1,['0xfa88f40db0e9c546548ccf8722ad921c8dda364e'],1,['0xaf2358e98683265cbd3a48509123d390ddf54534']
3817,1,1,['0x51c72848c68a965f66fa7a88855f9f7784502a7f'],1,['0xad30f7eebd9bd5150a256f47da41d4403033cdf0']
3843,1,1,['0x51c72848c68a965f66fa7a88855f9f7784502a7f'],1,['0xad30f7eebd9bd5150a256f47da41d4403033cdf0']
3884,4,4,"['0x071f89dadd974352e5a398f7a36a522f6c26632e'
 '0x4585fe77225b41b697c938b018e2ac67ac5a20c0'
 '0xba7b93334069936275f6aafb4ae5e10306deb55f'
 '0xfc99f58a8974a4bc36e60e2d490bb8d72899ee9f']",4,"['0x071f89dadd974352e5a398f7a36a522f6c26632e'
 '0x25ab3efd52e6470681ce037cd546dc60726948d3'
 '0x7e2b8aa127f6a50715ed4d300a95e6d1d35fd08a'
 '0xfc99f58a8974a4bc36e60e2d490bb8d72899ee9f']"
3885,1,1,['0x83877de273c1368861f8aaa4decf8d11e3b2be09'],1,['0x6d885ae5c1a389beb540f1c21e4e8b9eefdeeddc']
3887,1,1,['0x21a31ee1afc51d94c2efccaa2092ad1028285549'],1,['0x921c492a9210d169944ffc353494c5c8ea3a93c0']
3894,1,1,['0x3fc91a3afd70395cd496c647d5a6cc9d4b2b7fad'],1,['0x37a8f295612602f2774d331e562be9e61b83a327']
3898,1,1,['0xba12222222228d8ba445958a75a0704d566bf2c8'],1,['0xce88686553686da562ce7cea497ce749da109f9f']
3899,1,1,['0xba12222222228d8ba445958a75a0704d566bf2c8'],1,['0xce88686553686da562ce7cea497ce749da109f9f']
3903,3,3,"['0x071f89dadd974352e5a398f7a36a522f6c26632e'
 '0xbb2b8038a1640196fbe3e38816f3e67cba72d940'
 '0xfc99f58a8974a4bc36e60e2d490bb8d72899ee9f']",3,"['0x071f89dadd974352e5a398f7a36a522f6c26632e'
 '0x25ab3efd52e6470681ce037cd546dc60726948d3'
 '0xfc99f58a8974a4bc36e60e2d490bb8d72899ee9f']"
3905,5,5,"['0x231b7589426ffe1b75405526fc32ac09d44364c4'
 '0x5f515f6c524b18ca30f7783fb58dd4be2e9904ec'
 '0xa9c0cded336699547aac4f9de5a11ada979bc59a'
 '0xcafd2f0a35a4459fa40c0517e17e6fa2939441ca'
 '0xe46df4243e43abd65b6c8b34e626b7604b6892d1']",5,"['0x3ee18b2214aff97000d974cf647e7c347e8fa585'
 '0x992c59d45dd67706d7aaa118beb331c203858417'
 '0xa9c0cded336699547aac4f9de5a11ada979bc59a'
 '0xcafd2f0a35a4459fa40c0517e17e6fa2939441ca'
 '0xd17a89f1bb2c9cd6d6d8c34e3c847e2e3ddc11d8']"
3923,1,1,['0xb8f275fbf7a959f4bce59999a2ef122a099e81a8'],1,['0x5523985926aa12ba58dc5ad00ddca99678d7227e']
3943,2,2,"['0x74de5d4fcbf63e00296fd95d33236b9794016631'
 '0xbb2b8038a1640196fbe3e38816f3e67cba72d940']",2,"['0x5aca4826fab7e17c5b2cfdf611bb39a4c55352b3'
 '0x74de5d4fcbf63e00296fd95d33236b9794016631']"
3947,1,1,['0x69460570c93f9de5e2edbc3052bf10125f0ca22d'],1,['0x854a396158c1dfa01a44061c471cc4720c463ffc']
3956,2,2,"['0xef608497df0f4c8bea4dcacf11b712a646f49fba'
 '0xf081470f5c6fbccf48cc4e5b82dd926409dcdd67']",2,"['0xd51a44d3fae010294c616388b506acda1bfaae46'
 '0xf081470f5c6fbccf48cc4e5b82dd926409dcdd67']"
3961,2,2,"['0x0e464efa2a2d1ddea113ded88a6a2b7b380c1cfe'
 '0x3fc91a3afd70395cd496c647d5a6cc9d4b2b7fad']",2,"['0x37a8f295612602f2774d331e562be9e61b83a327'
 '0x64fa9ef54bad5e4bd10cab57cbe6123203e6d384']"
3962,2,2,"['0x51c72848c68a965f66fa7a88855f9f7784502a7f'
 '0x77d5f03822f94b39ad6117f6a46761ec5879031b']",2,"['0x37a8f295612602f2774d331e562be9e61b83a327'
 '0x77d5f03822f94b39ad6117f6a46761ec5879031b']"
3977,1,1,['0x8bc3702c35d33e5df7cb0f06cb72a0c34ae0c56f'],1,['0x233b24f61fe3366d79941fd5fc003eb8f950c6d3']
3981,2,2,"['0x7941def033b4039fd2957c86d425fc75c0775dea'
 '0xf081470f5c6fbccf48cc4e5b82dd926409dcdd67']",2,"['0x649765821d9f64198c905ec0b2b037a4a52bc373'
 '0xf081470f5c6fbccf48cc4e5b82dd926409dcdd67']"
3982,5,5,"['0x61cf7676d031b0ed282ffe6425485d9691d8dae1'
 '0x74de5d4fcbf63e00296fd95d33236b9794016631'
 '0x82e42430cad21bfdd2a59c4804f1d74274106db4'
 '0xba12222222228d8ba445958a75a0704d566bf2c8'
 '0xf081470f5c6fbccf48cc4e5b82dd926409dcdd67']",5,"['0x2acf35c9a3f4c5c3f4c78ef5fb64c3ee82f07c45'
 '0x6467e807db1e71b9ef04e0e3afb962e4b0900b2b'
 '0xcb4525715c961c01c4d4513c1662200e6e9922d6'
 '0xd51a44d3fae010294c616388b506acda1bfaae46'
 '0xf081470f5c6fbccf48cc4e5b82dd926409dcdd67']"
3985,1,1,['0x51c72848c68a965f66fa7a88855f9f7784502a7f'],1,['0xad30f7eebd9bd5150a256f47da41d4403033cdf0']
4005,2,2,"['0x54bf041e76f163e742a73f80fd364993defae2d9'
 '0x9aa52467a2a9834e7e13f1fdde4df65bbb56d201']",2,"['0x5c7bcd6e7de5423a257d81b442095a1a6ced35c5'
 '0x6f6a0320842bda1f6af590cfe724a37621776e41']"
4006,2,2,"['0x66b1d1ea6487333af4fbe022ad72b6bc5c68681b'
 '0xe0d0cf872c09968f1554730042ee680354dec994']",2,"['0x53c58e975f3f72162fc0509b9742c9b55e24a599'
 '0xe0d0cf872c09968f1554730042ee680354dec994']"
4007,1,1,['0x74de5d4fcbf63e00296fd95d33236b9794016631'],1,['0x2acf35c9a3f4c5c3f4c78ef5fb64c3ee82f07c45']
4017,1,1,['0x74de5d4fcbf63e00296fd95d33236b9794016631'],1,['0x2acf35c9a3f4c5c3f4c78ef5fb64c3ee82f07c45']
4030,3,3,"['0x74de5d4fcbf63e00296fd95d33236b9794016631'
 '0x9db9e0e53058c89e5b94e29621a205198648425b'
 '0xe592427a0aece92de3edee1f18e0157c05861564']",3,"['0x2acf35c9a3f4c5c3f4c78ef5fb64c3ee82f07c45'
 '0x6ab3bba2f41e7eaa262fa5a1a9b3932fa161526f'
 '0xe592427a0aece92de3edee1f18e0157c05861564']"
4045,2,2,"['0x58ee59a0ecbd9296fd11335fa97d7d2348719605'
 '0x74de5d4fcbf63e00296fd95d33236b9794016631']",2,"['0x2acf35c9a3f4c5c3f4c78ef5fb64c3ee82f07c45'
 '0xa00ad685e8f87d1561681febebe0bee5ba8c7d0a']"
4048,1,1,['0x3fc91a3afd70395cd496c647d5a6cc9d4b2b7fad'],1,['0x37a8f295612602f2774d331e562be9e61b83a327']
4050,4,4,"['0x111111125421ca6dc452d289314280a0f8842a65'
 '0xce5be4b74b6217d14606c744ec8024562a56e406'
 '0xcee41f4a40da23c8fb9eaee7e69b11a983f6bf0f'
 '0xe0d0cf872c09968f1554730042ee680354dec994']",4,"['0x111111125421ca6dc452d289314280a0f8842a65'
 '0x53c58e975f3f72162fc0509b9742c9b55e24a599'
 '0xcee41f4a40da23c8fb9eaee7e69b11a983f6bf0f'
 '0xe0d0cf872c09968f1554730042ee680354dec994']"
4067,4,4,"['0x9a47f3289794e9bbc6a3c571f6d96ad4e7baed16'
 '0xbe972ef205d1ca00342985ead7d710a7f4328225'
 '0xc36442b4a4522e871399cd717abdd847ab11fe88'
 '0xcbcdf9626bc03e24f779434178a73a0b4bad62ed']",4,"['0x1a6323ea2460e325860194c08dc43360b45cb096'
 '0x45d9eee142a8a076f3870309b0d0f71e637c89d8'
 '0xc36442b4a4522e871399cd717abdd847ab11fe88'
 '0xe6b738da243e8fa2a0ed5915645789add5de5152']"
4072,1,1,['0x74de5d4fcbf63e00296fd95d33236b9794016631'],1,['0x2acf35c9a3f4c5c3f4c78ef5fb64c3ee82f07c45']
4079,1,1,['0x74de5d4fcbf63e00296fd95d33236b9794016631'],1,['0x2acf35c9a3f4c5c3f4c78ef5fb64c3ee82f07c45']
4086,1,1,['0xa7ca2c8673bcfa5a26d8ceec2887f2cc2b0db22a'],1,['0xeb4af8a64070ef0dea6260e0bf2310748f014d88']
4093,1,1,['0xa9d1e08c7793af67e9d92fe308d5697fb81d3e43'],1,['0xb1da5ea6165cd3be69c47f8bb427c0f384b5a8f7']
4100,1,1,['0x3fc91a3afd70395cd496c647d5a6cc9d4b2b7fad'],1,['0x37a8f295612602f2774d331e562be9e61b83a327']
4116,1,1,['0xceff51756c56ceffca006cd410b03ffc46dd3a58'],1,['0xbd244e7c55870fbedfa3f8fa3c322dacb392af2a']
4145,1,1,['0xceff51756c56ceffca006cd410b03ffc46dd3a58'],1,['0xbd244e7c55870fbedfa3f8fa3c322dacb392af2a']
4153,1,1,['0xa9d1e08c7793af67e9d92fe308d5697fb81d3e43'],1,['0x3fff652fdf40070f2d50436a4f63a52d0d62b4c9']
4155,2,2,"['0x51c72848c68a965f66fa7a88855f9f7784502a7f'
 '0x77d5f03822f94b39ad6117f6a46761ec5879031b']",2,"['0x37a8f295612602f2774d331e562be9e61b83a327'
 '0x77d5f03822f94b39ad6117f6a46761ec5879031b']"
4156,1,1,['0x0b5c4a7fcda49e0a8661419bb55b86161a86db2a'],1,['0xf16f317745308b174e416f47fa3132983c12faf1']
4160,1,1,['0x004375dff511095cc5a197a54140a24efef3a416'],1,['0xbb2b8038a1640196fbe3e38816f3e67cba72d940']
4221,1,1,['0x784178d58b641a4febf8d477a6abd28504273132'],1,['0xf50087b8663177ea50e7c5428f7d0908cddb4f8f']
4230,2,2,"['0x33c9c12a1b6d688708f64d1eb2ab669399ef0fd4'
 '0x8571c129f335832f6bbc76d49414ad2b8371a422']",2,"['0x51c72848c68a965f66fa7a88855f9f7784502a7f'
 '0x8571c129f335832f6bbc76d49414ad2b8371a422']"
4237,2,2,"['0x51c72848c68a965f66fa7a88855f9f7784502a7f'
 '0x77d5f03822f94b39ad6117f6a46761ec5879031b']",2,"['0x37a8f295612602f2774d331e562be9e61b83a327'
 '0x77d5f03822f94b39ad6117f6a46761ec5879031b']"
4244,1,1,['0x519dbeb1af2ffd177146045f99fa71b3e753e523'],1,['0x37a8f295612602f2774d331e562be9e61b83a327']
4256,1,1,['0x3fc91a3afd70395cd496c647d5a6cc9d4b2b7fad'],1,['0x37a8f295612602f2774d331e562be9e61b83a327']
